end_of_day,efb_7d,efb_30d,efb_91d,efb_182d,efb_273d,efb_364d,efn_2y,efn_3y,efn_4y,efn_5y,efn_7y,efn_10y,efn_15y,data_type,source
2025-10-31,3.35,3.23,3.29,2.94,2.8,2.75,2.47,,,,,,,efbn,HKMA
2025-10-30,3.23,3.18,3.28,2.92,2.79,2.75,2.452,,,,,,,efbn,HKMA
2025-10-28,3.28,3.23,3.27,2.93,2.75,2.7,2.365,,,,,,,efbn,HKMA
2025-10-27,3.15,3.14,3.26,2.94,2.78,2.72,2.37,,,,,,,efbn,HKMA
2025-10-24,2.8,3.12,3.27,2.9,2.75,2.7,2.333,,,,,,,efbn,HKMA
2025-10-23,2.9,3.19,3.29,2.9,2.75,2.7,2.293,,,,,,,efbn,HKMA
2025-10-22,3.1,3.24,3.3,2.9,2.73,2.63,2.321,,,,,,,efbn,HKMA
2025-10-21,3.45,3.34,3.29,2.96,2.8,2.77,2.354,,,,,,,efbn,HKMA
2025-10-20,3.44,3.36,3.37,3.0,2.83,2.71,2.364,,,,,,,efbn,HKMA
2025-10-17,3.31,3.29,3.29,2.98,2.75,2.7,2.312,,,,,,,efbn,HKMA
2025-10-16,3.17,3.23,3.28,2.96,2.75,2.7,2.356,,,,,,,efbn,HKMA
2025-10-15,3.15,3.19,3.27,2.97,2.75,2.7,2.344,,,,,,,efbn,HKMA
2025-10-14,3.19,3.23,3.32,2.91,2.75,2.7,2.371,,,,,,,efbn,HKMA
2025-10-13,3.1,3.11,3.27,2.93,2.75,2.7,2.348,,,,,,,efbn,HKMA
2025-10-10,3.28,3.15,3.24,2.97,2.83,2.73,2.43,,,,,,,efbn,HKMA
2025-10-09,3.05,3.02,3.22,2.94,2.7,2.65,2.423,,,,,,,efbn,HKMA
2025-10-08,3.1,3.1,3.21,2.9,2.7,2.7,2.417,,,,,,,efbn,HKMA
2025-10-06,3.12,3.07,3.09,2.87,2.7,2.65,2.46,,,,,,,efbn,HKMA
2025-10-03,3.25,3.07,3.1,2.89,2.75,2.65,2.413,,,,,,,efbn,HKMA
2025-10-02,3.1,3.0,3.0,2.99,2.67,2.62,2.396,,,,,,,efbn,HKMA
2025-09-30,3.4,3.01,2.95,2.7,2.66,2.6,2.504,,,,,,,efbn,HKMA
2025-09-29,3.4,2.98,2.99,2.85,2.75,2.65,2.514,,,,,,,efbn,HKMA
2025-09-26,3.95,3.05,2.9,2.77,2.7,2.6,2.479,,,,,,,efbn,HKMA
2025-09-25,3.98,3.07,3.04,2.85,2.7,2.6,2.445,,,,,,,efbn,HKMA
2025-09-24,3.92,3.4,3.05,2.85,2.7,2.6,2.476,,,,,,,efbn,HKMA
2025-09-23,3.92,3.4,3.05,2.85,2.7,2.6,2.476,,,,,,,efbn,HKMA
2025-09-22,3.83,3.07,2.85,2.93,2.7,2.6,2.41,,,,,,,efbn,HKMA
2025-09-19,2.81,3.01,2.99,2.82,2.6,2.51,2.337,,,,,,,efbn,HKMA
2025-09-18,2.85,3.06,2.95,2.85,2.6,2.55,2.315,,,,,,,efbn,HKMA
2025-09-17,2.8,2.94,2.91,2.68,2.55,2.51,2.272,,,,,,,efbn,HKMA
2025-09-16,2.69,2.92,2.78,2.71,2.57,2.52,2.314,,,,,,,efbn,HKMA
2025-09-15,2.82,2.9,2.8,2.77,2.6,2.55,2.319,,,,,,,efbn,HKMA
2025-09-12,2.45,2.74,2.82,2.62,2.55,2.5,2.221,,,,,,,efbn,HKMA
2025-09-11,2.42,2.7,2.78,2.69,2.55,2.5,2.188,,,,,,,efbn,HKMA
2025-09-10,2.47,2.72,2.81,2.62,2.55,2.54,2.209,,,,,,,efbn,HKMA
2025-09-09,2.35,2.7,2.56,2.56,2.55,2.5,2.134,,,,,,,efbn,HKMA
2025-09-08,2.25,2.65,2.72,2.6,2.55,2.5,2.164,,,,,,,efbn,HKMA
2025-09-05,2.25,2.65,2.72,2.6,2.55,2.5,2.164,,,,,,,efbn,HKMA
2025-09-04,2.25,2.6,2.72,2.69,2.55,2.5,2.185,,,,,,,efbn,HKMA
2025-09-03,2.1,2.51,2.64,2.62,2.52,2.51,2.158,,,,,,,efbn,HKMA
2025-09-02,2.56,2.7,2.73,2.5,2.47,2.4,2.158,,,,,,,efbn,HKMA
2025-09-01,3.0,2.65,2.62,2.5,2.45,2.45,2.2,,,,,,,efbn,HKMA
2025-08-29,3.0,2.69,2.74,2.4,2.4,2.4,2.209,,,,,,,efbn,HKMA
2025-08-28,3.05,2.72,2.71,2.42,2.39,2.39,2.219,,,,,,,efbn,HKMA
2025-08-27,2.72,2.67,2.67,2.51,2.46,2.44,2.291,,,,,,,efbn,HKMA
2025-08-26,2.23,2.23,2.28,2.2,2.2,2.2,2.197,,,,,,,efbn,HKMA
2025-08-25,2.25,2.2,2.24,2.27,2.25,2.25,2.113,,,,,,,efbn,HKMA
2025-08-22,2.1,2.1,2.21,2.23,2.15,2.16,2.213,,,,,,,efbn,HKMA
2025-08-21,2.22,2.15,2.22,2.24,2.26,2.26,2.236,,,,,,,efbn,HKMA
2025-08-20,2.19,2.2,2.18,2.27,2.16,2.16,2.242,,,,,,,efbn,HKMA
2025-08-19,1.95,1.7,1.7,1.9,2.0,2.1,2.16,,,,,,,efbn,HKMA
2025-08-18,1.1,1.15,1.51,1.85,1.95,2.01,2.02,,,,,,,efbn,HKMA
2025-08-15,0.57,0.77,1.24,1.86,1.92,1.97,1.963,,,,,,,efbn,HKMA
2025-08-14,0.38,0.68,1.24,1.84,1.9,1.99,1.883,,,,,,,efbn,HKMA
2025-08-13,0.35,0.62,1.2,1.81,1.85,1.92,1.866,,,,,,,efbn,HKMA
2025-08-12,0.3,0.53,1.15,1.75,1.8,1.86,1.861,,,,,,,efbn,HKMA
2025-08-11,0.29,0.55,1.1,1.7,1.77,1.83,1.838,,,,,,,efbn,HKMA
2025-08-08,0.31,0.5,1.1,1.73,1.79,1.85,1.823,,,,,,,efbn,HKMA
2025-08-07,0.31,0.51,1.08,1.77,1.8,1.85,1.823,,,,,,,efbn,HKMA
2025-08-06,0.24,0.5,1.01,1.67,1.75,1.8,1.824,,,,,,,efbn,HKMA
2025-08-04,0.2,0.46,1.0,1.65,1.73,1.82,1.762,,,,,,,efbn,HKMA
2025-08-01,0.27,0.45,0.98,1.69,1.75,1.94,1.933,,,,,,,efbn,HKMA
2025-07-31,0.3,0.49,1.01,1.73,1.8,1.91,1.928,,,,,,,efbn,HKMA
2025-07-30,0.38,0.48,1.05,1.74,1.8,1.84,1.883,,,,,,,efbn,HKMA
2025-07-29,0.41,0.49,0.96,1.66,1.77,1.81,1.935,,,,,,,efbn,HKMA
2025-07-28,0.45,0.55,1.04,1.75,1.8,1.85,1.963,,,,,,,efbn,HKMA
2025-07-25,0.25,0.45,1.0,1.72,1.8,1.85,1.953,,,,,,,efbn,HKMA
2025-07-24,0.2,0.36,0.98,1.75,1.8,1.85,1.947,,,,,,,efbn,HKMA
2025-07-23,0.17,0.35,1.02,1.77,1.78,1.85,1.914,,,,,,,efbn,HKMA
2025-07-22,0.19,0.36,0.85,1.7,1.8,1.85,1.943,,,,,,,efbn,HKMA
2025-07-21,0.12,0.31,0.89,1.75,1.8,1.85,1.904,,,,,,,efbn,HKMA
2025-07-18,0.06,0.4,0.97,1.8,1.85,1.9,1.972,,,,,,,efbn,HKMA
2025-07-17,0.22,0.46,0.95,1.8,1.87,1.92,2.027,,,,,,,efbn,HKMA
2025-07-16,0.2,0.49,1.07,1.88,1.9,1.95,2.055,,,,,,,efbn,HKMA
2025-07-15,0.2,0.43,0.9,1.71,1.82,1.87,1.967,,,,,,,efbn,HKMA
2025-07-14,0.2,0.47,0.86,1.71,1.8,1.85,1.934,,,,,,,efbn,HKMA
2025-07-11,0.1,0.4,0.86,1.69,1.73,1.77,1.848,,,,,,,efbn,HKMA
2025-07-10,0.12,0.4,0.82,1.66,1.75,1.8,1.799,,,,,,,efbn,HKMA
2025-07-09,0.16,0.45,0.81,1.68,1.75,1.8,1.821,,,,,,,efbn,HKMA
2025-07-08,0.15,0.45,0.75,1.5,1.7,1.75,1.773,,,,,,,efbn,HKMA
2025-07-07,0.2,0.54,0.75,1.45,1.75,1.8,1.757,,,,,,,efbn,HKMA
2025-07-04,0.12,0.27,0.69,1.42,1.67,1.75,1.786,,,,,,,efbn,HKMA
2025-07-03,0.05,0.19,0.65,1.4,1.58,1.68,1.706,,,,,,,efbn,HKMA
2025-07-02,0.1,0.2,0.65,1.45,1.65,1.75,1.733,,,,,,,efbn,HKMA
2025-06-30,-0.03,0.11,0.62,1.35,1.54,1.61,1.729,,,,,,,efbn,HKMA
2025-06-27,-0.04,0.1,0.63,1.3,1.61,1.66,1.763,,,,,,,efbn,HKMA
2025-06-26,0.01,0.2,0.68,1.4,1.65,1.7,1.817,,,,,,,efbn,HKMA
2025-06-25,0.03,0.28,0.76,1.4,1.67,1.76,1.802,,,,,,,efbn,HKMA
2025-06-24,0.09,0.25,0.74,1.3,1.65,1.7,1.781,,,,,,,efbn,HKMA
2025-06-23,0.12,0.3,0.68,1.35,1.6,1.7,1.824,,,,,,,efbn,HKMA
2025-06-20,0.02,0.21,0.65,1.27,1.6,1.7,1.836,,,,,,,efbn,HKMA
2025-06-19,0.05,0.15,0.62,1.25,1.55,1.67,1.831,,,,,,,efbn,HKMA
2025-06-18,0.01,0.15,0.6,1.27,1.55,1.69,1.853,,,,,,,efbn,HKMA
2025-06-17,0.09,0.38,0.8,1.46,1.8,1.85,1.843,,,,,,,efbn,HKMA
2025-06-16,0.1,0.39,0.8,1.42,1.82,1.9,1.901,,,,,,,efbn,HKMA
2025-06-13,0.07,0.4,0.82,1.37,1.8,1.85,1.834,,,,,,,efbn,HKMA
2025-06-12,0.07,0.44,0.82,1.42,1.8,1.94,1.913,,,,,,,efbn,HKMA
2025-06-11,0.05,0.35,0.8,1.41,1.7,1.79,1.908,,,,,,,efbn,HKMA
2025-06-10,0.06,0.34,0.88,1.52,1.77,1.82,1.867,,,,,,,efbn,HKMA
2025-06-09,0.09,0.4,0.81,1.45,1.7,1.8,1.878,,,,,,,efbn,HKMA
2025-06-06,0.03,0.37,0.85,1.58,1.8,1.85,1.858,,,,,,,efbn,HKMA
2025-06-05,0.11,0.43,0.78,1.57,1.74,1.83,1.843,,,,,,,efbn,HKMA
2025-06-04,0.05,0.21,0.79,1.6,1.77,1.92,1.875,,,,,,,efbn,HKMA
2025-06-03,0.1,0.27,0.6,1.55,1.6,1.7,1.865,,,,,,,efbn,HKMA
2025-06-02,0.05,0.27,0.63,1.52,1.61,1.71,1.741,,,,,,,efbn,HKMA
2025-05-30,0.0,0.1,0.5,1.4,1.6,1.72,1.738,,,,,,,efbn,HKMA
2025-05-29,-0.03,0.09,0.46,1.35,1.6,1.75,1.769,,,,,,,efbn,HKMA
2025-05-28,-0.01,0.09,0.49,1.35,1.57,1.7,1.775,,,,,,,efbn,HKMA
2025-05-27,-0.08,-0.02,0.53,1.36,1.6,1.75,1.785,,,,,,,efbn,HKMA
2025-05-26,0.0,0.05,0.51,1.3,1.54,1.63,1.785,,,,,,,efbn,HKMA
2025-05-23,-0.05,0.11,0.62,1.3,1.5,1.55,1.82,,,,,,,efbn,HKMA
2025-05-22,0.05,0.15,0.8,1.33,1.53,1.63,1.908,,,,,,,efbn,HKMA
2025-05-21,-0.01,0.09,0.82,1.4,1.6,1.7,1.957,,,,,,,efbn,HKMA
2025-05-20,0.22,0.57,1.16,1.52,1.7,1.76,1.959,,,,,,,efbn,HKMA
2025-05-19,0.33,0.66,1.3,1.62,1.72,1.8,1.99,,,,,,,efbn,HKMA
2025-05-16,0.2,0.65,1.3,1.67,1.8,1.9,1.973,,,,,,,efbn,HKMA
2025-05-15,0.34,0.64,1.23,1.52,1.72,1.8,2.004,,,,,,,efbn,HKMA
2025-05-14,0.21,0.6,1.1,1.45,1.69,1.72,1.96,,,,,,,efbn,HKMA
2025-05-13,0.45,0.86,1.5,1.7,1.77,1.77,2.059,,,,,,,efbn,HKMA
2025-05-12,0.51,1.13,1.73,1.81,1.84,1.86,2.164,,,,,,,efbn,HKMA
2025-05-09,0.65,1.3,1.86,2.24,2.25,2.25,2.181,,,,,,,efbn,HKMA
2025-05-08,0.91,1.79,2.34,2.34,2.35,2.35,2.148,,,,,,,efbn,HKMA
2025-05-07,2.65,2.75,2.78,2.84,2.85,2.79,2.424,,,,,,,efbn,HKMA
2025-05-06,3.35,3.35,3.23,3.15,3.0,2.95,2.631,,,,,,,efbn,HKMA
2025-05-02,3.78,3.55,3.38,3.31,3.07,3.03,2.681,,,,,,,efbn,HKMA
2025-04-30,3.89,3.57,3.41,3.32,3.16,3.1,2.621,,,,,,,efbn,HKMA
2025-04-29,3.63,3.45,3.25,3.17,3.05,2.99,2.627,,,,,,,efbn,HKMA
2025-04-28,3.64,3.4,3.24,3.21,3.07,3.02,2.668,,,,,,,efbn,HKMA
2025-04-25,3.5,3.3,3.19,3.19,3.07,3.02,2.688,,,,,,,efbn,HKMA
2025-04-24,3.41,3.27,3.19,3.18,3.07,2.99,2.689,,,,,,,efbn,HKMA
2025-04-23,3.26,3.2,3.17,3.16,3.05,2.98,2.718,,,,,,,efbn,HKMA
2025-04-22,3.15,3.13,3.09,3.09,3.03,2.98,2.624,,,,,,,efbn,HKMA
2025-04-17,3.17,3.14,3.12,3.1,2.96,2.91,2.685,,,,,,,efbn,HKMA
2025-04-16,3.13,3.15,3.11,3.1,3.02,2.98,2.692,,,,,,,efbn,HKMA
2025-04-15,3.05,3.12,3.02,3.02,3.0,2.97,2.743,,,,,,,efbn,HKMA
2025-04-14,3.14,3.12,3.1,3.09,3.06,3.01,2.799,,,,,,,efbn,HKMA
2025-04-11,3.05,3.07,3.01,2.98,2.95,2.9,2.685,,,,,,,efbn,HKMA
2025-04-10,3.09,3.0,3.07,2.97,2.88,2.83,2.786,,,,,,,efbn,HKMA
2025-04-09,3.07,3.06,3.09,3.08,2.97,2.92,2.61,,,,,,,efbn,HKMA
2025-04-08,3.06,3.0,3.0,3.0,2.95,2.93,2.628,,,,,,,efbn,HKMA
2025-04-07,2.93,2.92,3.05,3.03,2.95,2.89,2.497,,,,,,,efbn,HKMA
2025-04-03,2.85,2.95,3.05,3.05,3.02,3.02,2.803,,,,,,,efbn,HKMA
2025-04-02,2.88,2.95,3.05,3.05,3.05,3.05,2.815,,,,,,,efbn,HKMA
2025-04-01,2.9,2.95,3.12,3.12,3.1,3.1,2.854,,,,,,,efbn,HKMA
2025-03-31,2.72,2.77,3.01,3.06,3.05,3.05,2.838,,,,,,,efbn,HKMA
2025-03-28,3.05,3.11,3.18,3.18,3.15,3.15,2.972,,,,,,,efbn,HKMA
2025-03-27,3.0,3.07,3.23,3.19,3.2,3.19,3.011,,,,,,,efbn,HKMA
2025-03-26,3.07,3.1,3.26,3.26,3.25,3.22,3.022,,,,,,,efbn,HKMA
2025-03-25,3.15,3.23,3.25,3.25,3.22,3.21,3.055,,,,,,,efbn,HKMA
2025-03-24,3.14,3.27,3.3,3.3,3.25,3.25,3.018,,,,,,,efbn,HKMA
2025-03-21,3.0,3.27,3.3,3.3,3.27,3.25,3.041,,,,,,,efbn,HKMA
2025-03-20,3.0,3.27,3.29,3.29,3.28,3.26,3.058,,,,,,,efbn,HKMA
2025-03-19,3.0,3.3,3.32,3.32,3.3,3.25,3.145,,,,,,,efbn,HKMA
2025-03-18,3.05,3.3,3.32,3.32,3.3,3.26,3.162,,,,,,,efbn,HKMA
2025-03-17,3.0,3.3,3.32,3.31,3.28,3.26,3.151,,,,,,,efbn,HKMA
2025-03-14,3.05,3.3,3.32,3.31,3.27,3.23,3.098,,,,,,,efbn,HKMA
2025-03-13,3.08,3.32,3.35,3.31,3.3,3.27,3.147,,,,,,,efbn,HKMA
2025-03-12,3.35,3.39,3.37,3.34,3.3,3.27,3.077,,,,,,,efbn,HKMA
2025-03-11,3.28,3.32,3.33,3.32,3.32,3.3,3.03,,,,,,,efbn,HKMA
2025-03-10,3.04,3.25,3.29,3.32,3.32,3.3,3.132,,,,,,,efbn,HKMA
2025-03-07,2.68,3.25,3.27,3.3,3.3,3.28,3.058,,,,,,,efbn,HKMA
2025-03-06,3.0,3.27,3.31,3.31,3.3,3.3,3.149,,,,,,,efbn,HKMA
2025-03-05,3.02,3.32,3.32,3.37,3.34,3.34,3.107,,,,,,,efbn,HKMA
2025-03-04,3.25,3.38,3.38,3.38,3.35,3.35,3.06,,,,,,,efbn,HKMA
2025-03-03,3.21,3.35,3.4,3.41,3.37,3.39,3.129,,,,,,,efbn,HKMA
2025-02-28,3.5,3.42,3.42,3.41,3.4,3.4,3.125,,,,,,,efbn,HKMA
2025-02-27,3.5,3.4,3.41,3.41,3.4,3.4,3.183,,,,,,,efbn,HKMA
2025-02-26,3.55,3.5,3.44,3.44,3.4,3.4,3.205,,,,,,,efbn,HKMA
2025-02-25,3.45,3.5,3.45,3.4,3.38,3.38,3.221,,,,,,,efbn,HKMA
2025-02-24,3.5,3.45,3.44,3.42,3.4,3.4,3.257,,,,,,,efbn,HKMA
2025-02-21,3.5,3.5,3.44,3.43,3.42,3.42,3.293,,,,,,,efbn,HKMA
2025-02-20,3.55,3.47,3.44,3.43,3.42,3.42,3.383,,,,,,,efbn,HKMA
2025-02-19,3.52,3.51,3.44,3.42,3.39,3.39,3.407,,,,,,,efbn,HKMA
2025-02-18,3.53,3.42,3.35,3.35,3.35,3.35,3.347,,,,,,,efbn,HKMA
2025-02-17,3.34,3.4,3.35,3.34,3.34,3.34,3.347,,,,,,,efbn,HKMA
2025-02-14,3.2,3.35,3.34,3.32,3.32,3.32,3.358,,,,,,,efbn,HKMA
2025-02-13,3.04,3.35,3.34,3.33,3.33,3.35,3.375,,,,,,,efbn,HKMA
2025-02-12,2.95,3.25,3.29,3.3,3.28,3.28,3.316,,,,,,,efbn,HKMA
2025-02-11,3.09,3.3,3.29,3.3,3.3,3.3,3.304,,,,,,,efbn,HKMA
2025-02-10,3.29,3.3,3.3,3.3,3.3,3.3,3.375,,,,,,,efbn,HKMA
2025-02-07,3.45,3.37,3.32,3.3,3.31,3.31,3.292,,,,,,,efbn,HKMA
2025-02-06,3.42,3.35,3.26,3.26,3.3,3.3,3.292,,,,,,,efbn,HKMA
2025-02-05,3.33,3.35,3.28,3.27,3.3,3.3,3.309,,,,,,,efbn,HKMA
2025-02-04,3.39,3.42,3.4,3.39,3.39,3.39,3.356,,,,,,,efbn,HKMA
2025-02-03,3.25,3.4,3.41,3.41,3.4,3.41,3.344,,,,,,,efbn,HKMA
2025-01-28,3.9,3.56,3.52,3.5,3.5,3.49,3.325,,,,,,,efbn,HKMA
2025-01-27,4.01,3.63,3.5,3.5,3.45,3.45,3.343,,,,,,,efbn,HKMA
2025-01-24,3.64,3.6,3.5,3.5,3.45,3.45,3.325,,,,,,,efbn,HKMA
2025-01-23,3.56,3.53,3.55,3.51,3.5,3.45,3.336,,,,,,,efbn,HKMA
2025-01-22,3.45,3.52,3.54,3.52,3.5,3.47,3.336,,,,,,,efbn,HKMA
2025-01-21,3.55,3.62,3.56,3.51,3.49,3.46,3.347,,,,,,,efbn,HKMA
2025-01-20,3.6,3.63,3.6,3.55,3.55,3.5,3.399,,,,,,,efbn,HKMA
2025-01-17,3.15,3.58,3.59,3.54,3.53,3.5,3.352,,,,,,,efbn,HKMA
2025-01-16,3.0,3.61,3.57,3.5,3.51,3.51,3.409,,,,,,,efbn,HKMA
2025-01-15,3.07,3.53,3.54,3.5,3.51,3.53,3.449,,,,,,,efbn,HKMA
2025-01-14,3.46,3.75,3.73,3.62,3.58,3.55,3.477,,,,,,,efbn,HKMA
2025-01-13,3.57,3.76,3.73,3.65,3.57,3.55,3.448,,,,,,,efbn,HKMA
2025-01-10,3.7,3.87,3.73,3.63,3.57,3.55,3.379,,,,,,,efbn,HKMA
2025-01-09,3.67,3.77,3.72,3.6,3.54,3.52,3.385,,,,,,,efbn,HKMA
2025-01-08,3.8,3.89,3.75,3.65,3.56,3.55,3.436,,,,,,,efbn,HKMA
2025-01-07,3.99,3.99,3.84,3.62,3.56,3.51,3.418,,,,,,,efbn,HKMA
2025-01-06,3.88,3.91,3.81,3.61,3.54,3.49,3.396,,,,,,,efbn,HKMA
2025-01-03,3.85,3.9,3.82,3.6,3.54,3.49,3.361,,,,,,,efbn,HKMA
2025-01-02,3.9,3.94,3.9,3.65,3.52,3.47,3.389,,,,,,,efbn,HKMA
2024-12-31,4.25,3.97,3.92,3.7,3.6,3.52,3.389,,,,,,,efbn,HKMA
2024-12-30,4.37,4.0,3.9,3.65,3.6,3.55,3.416,,,,,,,efbn,HKMA
2024-12-27,4.25,4.05,3.9,3.69,3.6,3.55,3.404,,,,,,,efbn,HKMA
2024-12-24,4.15,4.0,3.95,3.7,3.69,3.55,3.382,,,,,,,efbn,HKMA
2024-12-23,4.18,4.05,3.85,3.62,3.6,3.53,3.365,,,,,,,efbn,HKMA
2024-12-20,4.1,4.06,3.85,3.62,3.6,3.55,3.381,,,,,,,efbn,HKMA
2024-12-19,4.09,4.05,3.9,3.63,3.6,3.55,3.375,,,,,,,efbn,HKMA
2024-12-18,4.0,4.08,3.86,3.6,3.57,3.5,3.271,,,,,,,efbn,HKMA
2024-12-17,3.75,4.14,3.93,3.67,3.58,3.48,3.243,,,,,,,efbn,HKMA
2024-12-16,3.7,4.07,3.95,3.67,3.6,3.5,3.233,,,,,,,efbn,HKMA
2024-12-13,3.95,4.1,3.9,3.66,3.59,3.49,3.211,,,,,,,efbn,HKMA
2024-12-12,3.95,4.04,3.91,3.7,3.6,3.5,3.2,,,,,,,efbn,HKMA
2024-12-11,3.94,3.95,3.9,3.75,3.62,3.52,3.205,,,,,,,efbn,HKMA
2024-12-10,3.95,4.0,4.0,3.65,3.64,3.59,3.179,,,,,,,efbn,HKMA
2024-12-09,3.85,4.07,3.99,3.75,3.55,3.45,3.125,,,,,,,efbn,HKMA
2024-12-06,3.61,3.92,3.87,3.7,3.57,3.47,3.168,,,,,,,efbn,HKMA
2024-12-05,3.6,3.95,3.89,3.7,3.6,3.54,3.158,,,,,,,efbn,HKMA
2024-12-04,3.75,3.97,3.89,3.73,3.62,3.52,3.19,,,,,,,efbn,HKMA
2024-12-03,3.84,4.01,3.97,3.76,3.63,3.55,3.179,,,,,,,efbn,HKMA
2024-12-02,3.93,4.05,3.97,3.72,3.62,3.55,3.201,,,,,,,efbn,HKMA
2024-11-29,4.01,3.96,3.93,3.72,3.62,3.54,3.201,,,,,,,efbn,HKMA
2024-11-28,4.0,3.97,4.0,3.75,3.65,3.57,3.254,,,,,,,efbn,HKMA
2024-11-27,4.05,3.95,4.01,3.8,3.7,3.6,3.275,,,,,,,efbn,HKMA
2024-11-26,3.96,4.0,3.92,3.66,3.6,3.56,3.286,,,,,,,efbn,HKMA
2024-11-25,4.0,3.98,3.97,3.72,3.63,3.59,3.305,,,,,,,efbn,HKMA
2024-11-22,3.65,3.85,3.93,3.68,3.58,3.52,3.212,,,,,,,efbn,HKMA
2024-11-21,3.66,3.87,3.94,3.68,3.6,3.5,3.199,,,,,,,efbn,HKMA
2024-11-20,3.75,3.84,3.96,3.7,3.64,3.49,3.187,,,,,,,efbn,HKMA
2024-11-19,3.85,3.95,3.95,3.6,3.52,3.4,3.192,,,,,,,efbn,HKMA
2024-11-18,3.85,3.96,3.99,3.6,3.47,3.39,3.257,,,,,,,efbn,HKMA
2024-11-15,3.9,4.0,3.99,3.6,3.48,3.38,3.279,,,,,,,efbn,HKMA
2024-11-14,3.95,4.0,4.02,3.62,3.5,3.42,3.236,,,,,,,efbn,HKMA
2024-11-13,3.9,4.03,3.97,3.6,3.5,3.4,3.301,,,,,,,efbn,HKMA
2024-11-12,3.8,3.98,3.85,3.54,3.43,3.34,3.253,,,,,,,efbn,HKMA
2024-11-11,3.82,3.82,3.88,3.51,3.38,3.3,3.223,,,,,,,efbn,HKMA
2024-11-08,3.86,3.85,3.89,3.5,3.37,3.29,3.162,,,,,,,efbn,HKMA
2024-11-07,3.68,3.76,3.88,3.52,3.37,3.27,3.15,,,,,,,efbn,HKMA
2024-11-06,3.65,3.72,3.85,3.49,3.35,3.24,3.155,,,,,,,efbn,HKMA
2024-11-05,3.69,3.76,3.88,3.53,3.39,3.23,3.032,,,,,,,efbn,HKMA
2024-11-04,3.7,3.77,3.82,3.49,3.36,3.24,3.025,,,,,,,efbn,HKMA
2024-11-01,3.8,3.81,3.88,3.55,3.4,3.3,3.053,,,,,,,efbn,HKMA
2024-10-31,4.07,3.82,3.85,3.54,3.37,3.3,3.041,,,,,,,efbn,HKMA
2024-10-30,3.96,3.89,3.88,3.55,3.4,3.29,2.931,,,,,,,efbn,HKMA
2024-10-29,3.89,3.82,3.82,3.51,3.37,3.26,2.948,,,,,,,efbn,HKMA
2024-10-28,3.85,3.82,3.8,3.5,3.38,3.25,2.942,,,,,,,efbn,HKMA
2024-10-25,3.75,3.82,3.8,3.5,3.34,3.25,2.936,,,,,,,efbn,HKMA
2024-10-24,3.8,3.75,3.75,3.47,3.3,3.2,2.902,,,,,,,efbn,HKMA
2024-10-23,3.7,3.74,3.74,3.47,3.3,3.21,2.884,,,,,,,efbn,HKMA
2024-10-22,3.8,3.77,3.77,3.45,3.3,3.2,2.884,,,,,,,efbn,HKMA
2024-10-21,3.83,3.8,3.73,3.45,3.3,3.2,2.827,,,,,,,efbn,HKMA
2024-10-18,4.0,3.72,3.72,3.44,3.3,3.17,2.821,,,,,,,efbn,HKMA
2024-10-17,3.71,3.71,3.7,3.45,3.31,3.17,2.799,,,,,,,efbn,HKMA
2024-10-16,3.9,3.65,3.73,3.5,3.35,3.2,2.827,,,,,,,efbn,HKMA
2024-10-15,4.1,3.88,3.8,3.45,3.33,3.21,2.872,,,,,,,efbn,HKMA
2024-10-14,4.25,3.9,3.8,3.46,3.25,3.18,2.833,,,,,,,efbn,HKMA
2024-10-10,4.4,3.99,3.81,3.43,3.35,3.22,2.883,,,,,,,efbn,HKMA
2024-10-09,4.03,3.8,3.72,3.47,3.36,3.27,2.905,,,,,,,efbn,HKMA
2024-10-08,4.25,3.94,3.8,3.35,3.27,3.22,2.938,,,,,,,efbn,HKMA
2024-10-07,4.5,3.93,3.72,3.39,3.29,3.25,2.921,,,,,,,efbn,HKMA
2024-10-04,4.24,3.8,3.66,3.33,3.23,3.13,2.688,,,,,,,efbn,HKMA
2024-10-03,4.05,3.67,3.62,3.29,3.16,3.1,2.622,,,,,,,efbn,HKMA
2024-10-02,3.84,3.52,3.56,3.25,3.18,3.1,2.595,,,,,,,efbn,HKMA
2024-09-30,4.47,3.5,3.31,3.11,3.0,2.9,2.579,,,,,,,efbn,HKMA
2024-09-27,5.0,3.56,3.48,3.23,2.9,2.8,2.58,,,,,,,efbn,HKMA
2024-09-26,4.0,3.47,3.32,3.0,2.96,2.81,2.515,,,,,,,efbn,HKMA
2024-09-25,3.6,3.47,3.33,3.0,2.93,2.85,2.499,,,,,,,efbn,HKMA
2024-09-24,3.7,3.6,3.44,3.2,3.11,3.01,2.554,,,,,,,efbn,HKMA
2024-09-23,3.52,3.32,3.31,3.12,3.04,2.96,2.533,,,,,,,efbn,HKMA
2024-09-20,3.2,3.27,3.24,3.09,3.04,2.95,2.523,,,,,,,efbn,HKMA
2024-09-19,2.98,3.19,3.21,3.07,3.05,2.96,2.572,,,,,,,efbn,HKMA
2024-09-17,2.55,3.15,3.32,3.17,3.06,2.97,2.476,,,,,,,efbn,HKMA
2024-09-16,2.7,3.2,3.36,3.2,3.06,2.97,2.476,,,,,,,efbn,HKMA
2024-09-13,2.75,3.25,3.35,3.2,3.08,3.0,2.526,,,,,,,efbn,HKMA
2024-09-12,2.95,3.39,3.45,3.31,3.2,3.1,2.601,,,,,,,efbn,HKMA
2024-09-11,3.19,3.47,3.5,3.32,3.25,3.14,2.542,,,,,,,efbn,HKMA
2024-09-10,3.4,3.55,3.59,3.4,3.34,3.25,2.628,,,,,,,efbn,HKMA
2024-09-09,3.4,3.52,3.55,3.4,3.35,3.3,2.623,,,,,,,efbn,HKMA
2024-09-05,3.43,3.57,3.58,3.4,3.38,3.31,2.693,,,,,,,efbn,HKMA
2024-09-04,3.38,3.57,3.57,3.42,3.38,3.35,2.751,,,,,,,efbn,HKMA
2024-09-03,3.5,3.62,3.65,3.5,3.48,3.38,2.799,,,,,,,efbn,HKMA
2024-09-02,3.63,3.68,3.68,3.51,3.48,3.39,2.783,,,,,,,efbn,HKMA
2024-08-30,3.67,3.62,3.68,3.52,3.48,3.4,2.741,,,,,,,efbn,HKMA
2024-08-29,3.61,3.59,3.67,3.51,3.45,3.38,2.757,,,,,,,efbn,HKMA
2024-08-28,3.41,3.57,3.64,3.49,3.45,3.37,2.736,,,,,,,efbn,HKMA
2024-08-27,3.45,3.74,3.76,3.62,3.52,3.43,2.731,,,,,,,efbn,HKMA
2024-08-26,3.46,3.75,3.78,3.65,3.49,3.41,2.747,,,,,,,efbn,HKMA
2024-08-23,3.41,3.75,3.8,3.67,3.56,3.47,2.826,,,,,,,efbn,HKMA
2024-08-22,3.45,3.75,3.81,3.68,3.55,3.44,2.747,,,,,,,efbn,HKMA
2024-08-21,3.55,3.8,3.85,3.72,3.57,3.47,2.885,,,,,,,efbn,HKMA
2024-08-20,3.64,3.84,3.87,3.73,3.57,3.48,2.939,,,,,,,efbn,HKMA
2024-08-19,3.71,3.89,3.88,3.75,3.57,3.48,2.935,,,,,,,efbn,HKMA
2024-08-16,3.64,3.82,3.87,3.73,3.57,3.49,2.95,,,,,,,efbn,HKMA
2024-08-15,3.63,3.82,3.85,3.72,3.56,3.46,2.794,,,,,,,efbn,HKMA
2024-08-14,3.75,3.87,3.87,3.77,3.6,3.5,2.761,,,,,,,efbn,HKMA
2024-08-13,3.81,3.85,3.93,3.82,3.62,3.56,2.844,,,,,,,efbn,HKMA
2024-08-12,3.65,3.81,3.87,3.77,3.62,3.5,2.886,,,,,,,efbn,HKMA
2024-08-09,3.61,3.77,3.88,3.75,3.61,3.5,2.872,,,,,,,efbn,HKMA
2024-08-08,3.77,3.82,3.89,3.75,3.59,3.55,2.816,,,,,,,efbn,HKMA
2024-08-07,3.7,3.8,3.87,3.8,3.68,3.59,2.829,,,,,,,efbn,HKMA
2024-08-06,3.8,3.9,3.95,3.93,3.8,3.7,2.831,,,,,,,efbn,HKMA
2024-08-05,3.74,3.89,4.0,3.92,3.72,3.63,2.712,,,,,,,efbn,HKMA
2024-08-02,3.76,4.0,4.1,4.03,3.89,3.79,3.013,,,,,,,efbn,HKMA
2024-08-01,4.01,4.1,4.17,4.1,3.96,3.87,3.175,,,,,,,efbn,HKMA
2024-07-31,4.32,4.27,4.25,4.2,4.02,3.93,3.228,,,,,,,efbn,HKMA
2024-07-30,4.3,4.28,4.32,4.3,4.11,3.99,3.257,,,,,,,efbn,HKMA
2024-07-29,4.31,4.31,4.34,4.27,4.13,4.02,3.258,,,,,,,efbn,HKMA
2024-07-26,4.29,4.32,4.36,4.3,4.1,4.0,3.352,,,,,,,efbn,HKMA
2024-07-25,4.32,4.34,4.36,4.3,4.11,4.0,3.347,,,,,,,efbn,HKMA
2024-07-24,4.3,4.35,4.36,4.3,4.11,4.02,3.393,,,,,,,efbn,HKMA
2024-07-23,4.41,4.36,4.36,4.33,4.13,4.03,3.405,,,,,,,efbn,HKMA
2024-07-22,4.35,4.35,4.37,4.32,4.13,4.03,3.394,,,,,,,efbn,HKMA
2024-07-19,4.42,4.34,4.36,4.32,4.15,4.03,3.362,,,,,,,efbn,HKMA
2024-07-18,4.45,4.36,4.38,4.33,4.15,4.04,3.363,,,,,,,efbn,HKMA
2024-07-17,4.42,4.37,4.4,4.34,4.17,4.07,3.358,,,,,,,efbn,HKMA
2024-07-16,4.4,4.39,4.39,4.32,4.19,4.08,3.387,,,,,,,efbn,HKMA
2024-07-15,4.4,4.37,4.38,4.32,4.21,4.11,3.393,,,,,,,efbn,HKMA
2024-07-12,4.4,4.38,4.4,4.35,4.22,4.13,3.434,,,,,,,efbn,HKMA
2024-07-11,4.4,4.38,4.42,4.33,4.25,4.15,3.536,,,,,,,efbn,HKMA
2024-07-10,4.41,4.38,4.39,4.37,4.28,4.23,3.553,,,,,,,efbn,HKMA
2024-07-09,4.35,4.35,4.35,4.3,4.25,4.2,3.576,,,,,,,efbn,HKMA
2024-07-08,4.35,4.37,4.38,4.32,4.27,4.18,3.554,,,,,,,efbn,HKMA
2024-07-05,4.38,4.36,4.38,4.32,4.27,4.23,3.605,,,,,,,efbn,HKMA
2024-07-04,4.4,4.38,4.39,4.33,4.27,4.22,3.616,,,,,,,efbn,HKMA
2024-07-03,4.41,4.35,4.38,4.35,4.27,4.22,3.634,,,,,,,efbn,HKMA
2024-07-02,4.2,4.33,4.41,4.32,4.28,4.22,3.673,,,,,,,efbn,HKMA
2024-06-28,4.89,4.42,4.4,4.38,4.3,4.25,3.674,,,,,,,efbn,HKMA
2024-06-27,4.57,4.43,4.42,4.37,4.29,4.25,3.685,,,,,,,efbn,HKMA
2024-06-26,4.58,4.41,4.38,4.36,4.28,4.24,3.624,,,,,,,efbn,HKMA
2024-06-25,4.36,4.34,4.39,4.31,4.29,4.26,3.614,,,,,,,efbn,HKMA
2024-06-24,4.35,4.35,4.41,4.32,4.3,4.27,3.652,,,,,,,efbn,HKMA
2024-06-21,4.2,4.32,4.35,4.33,4.3,4.26,3.67,,,,,,,efbn,HKMA
2024-06-20,4.1,4.32,4.35,4.33,4.32,4.27,3.637,,,,,,,efbn,HKMA
2024-06-19,4.11,4.27,4.34,4.31,4.29,4.25,3.621,,,,,,,efbn,HKMA
2024-06-18,3.96,4.25,4.3,4.28,4.28,4.26,3.638,,,,,,,efbn,HKMA
2024-06-17,3.95,4.22,4.3,4.26,4.29,4.26,3.611,,,,,,,efbn,HKMA
2024-06-14,3.95,4.22,4.3,4.28,4.29,4.28,3.639,,,,,,,efbn,HKMA
2024-06-13,3.96,4.22,4.34,4.31,4.3,4.31,3.699,,,,,,,efbn,HKMA
2024-06-12,3.92,4.27,4.32,4.3,4.3,4.31,3.764,,,,,,,efbn,HKMA
2024-06-11,3.95,4.25,4.3,4.3,4.25,4.25,3.797,,,,,,,efbn,HKMA
2024-06-07,3.97,4.27,4.33,4.28,4.28,4.28,3.667,,,,,,,efbn,HKMA
2024-06-06,3.95,4.25,4.3,4.27,4.27,4.27,3.668,,,,,,,efbn,HKMA
2024-06-05,3.9,4.26,4.33,4.29,4.29,4.29,3.732,,,,,,,efbn,HKMA
2024-06-04,3.94,4.23,4.3,4.27,4.27,4.29,3.754,,,,,,,efbn,HKMA
2024-06-03,4.0,4.28,4.29,4.28,4.28,4.3,3.803,,,,,,,efbn,HKMA
2024-05-31,4.1,4.17,4.32,4.3,4.3,4.32,3.835,,,,,,,efbn,HKMA
2024-05-30,4.07,4.2,4.32,4.32,4.32,4.34,3.905,,,,,,,efbn,HKMA
2024-05-29,4.19,4.25,4.4,4.36,4.34,4.34,3.905,,,,,,,efbn,HKMA
2024-05-28,4.25,4.31,4.36,4.35,4.36,4.39,3.878,,,,,,,efbn,HKMA
2024-05-27,4.1,4.2,4.31,4.35,4.32,4.32,3.888,,,,,,,efbn,HKMA
2024-05-24,4.11,4.23,4.38,4.37,4.39,4.39,3.918,,,,,,,efbn,HKMA
2024-05-23,4.02,4.2,4.37,4.36,4.36,4.36,3.87,,,,,,,efbn,HKMA
2024-05-22,4.09,4.18,4.27,4.28,4.27,4.33,3.921,,,,,,,efbn,HKMA
2024-05-21,4.15,4.2,4.28,4.28,4.3,4.28,3.95,,,,,,,efbn,HKMA
2024-05-20,3.95,4.2,4.25,4.23,4.23,4.23,3.919,,,,,,,efbn,HKMA
2024-05-17,3.8,4.11,4.21,4.21,4.21,4.21,3.887,,,,,,,efbn,HKMA
2024-05-16,3.8,4.02,4.22,4.22,4.19,4.19,3.807,,,,,,,efbn,HKMA
2024-05-14,3.7,3.95,4.12,4.12,4.12,4.17,3.908,,,,,,,efbn,HKMA
2024-05-13,3.71,3.96,4.15,4.15,4.12,4.13,3.914,,,,,,,efbn,HKMA
2024-05-10,3.8,3.98,4.14,4.14,4.12,4.09,3.875,,,,,,,efbn,HKMA
2024-05-09,3.85,3.95,4.16,4.16,4.12,4.11,3.881,,,,,,,efbn,HKMA
2024-05-08,3.73,3.87,4.12,4.12,4.12,4.07,3.844,,,,,,,efbn,HKMA
2024-05-07,3.69,3.91,4.15,4.15,4.12,4.07,3.867,,,,,,,efbn,HKMA
2024-05-06,3.95,4.04,4.2,4.2,4.12,4.1,3.884,,,,,,,efbn,HKMA
2024-05-03,4.07,4.12,4.25,4.23,4.19,4.18,3.959,,,,,,,efbn,HKMA
2024-05-02,4.05,4.1,4.17,4.17,4.15,4.12,4.0,,,,,,,efbn,HKMA
2024-04-30,4.1,4.11,4.12,4.12,4.07,4.02,3.969,,,,,,,efbn,HKMA
2024-04-29,4.1,4.14,4.15,4.15,4.1,4.1,3.968,,,,,,,efbn,HKMA
2024-04-26,3.7,4.1,4.12,4.11,4.07,4.05,3.995,,,,,,,efbn,HKMA
2024-04-25,3.6,4.03,4.11,4.12,4.04,4.0,3.918,,,,,,,efbn,HKMA
2024-04-24,3.45,3.88,4.05,4.06,4.0,3.95,3.894,,,,,,,efbn,HKMA
2024-04-23,3.54,3.97,4.12,4.12,4.02,4.0,3.899,,,,,,,efbn,HKMA
2024-04-22,3.5,4.0,4.13,4.12,4.05,4.02,3.956,,,,,,,efbn,HKMA
2024-04-19,3.09,3.87,4.04,4.06,4.07,4.02,3.896,,,,,,,efbn,HKMA
2024-04-18,3.7,4.0,4.16,4.15,4.1,4.07,3.936,,,,,,,efbn,HKMA
2024-04-17,4.01,4.12,4.2,4.2,4.12,4.07,4.004,,,,,,,efbn,HKMA
2024-04-16,4.1,4.2,4.2,4.2,4.15,4.1,3.946,,,,,,,efbn,HKMA
2024-04-15,4.05,4.12,4.15,4.15,4.14,4.09,3.916,,,,,,,efbn,HKMA
2024-04-12,3.97,4.17,4.17,4.19,4.16,4.1,3.937,,,,,,,efbn,HKMA
2024-04-11,4.01,4.17,4.2,4.21,4.16,4.1,3.976,,,,,,,efbn,HKMA
2024-04-10,4.1,4.23,4.22,4.22,4.13,4.08,3.804,,,,,,,efbn,HKMA
2024-04-09,4.18,4.24,4.27,4.26,4.14,4.07,3.826,,,,,,,efbn,HKMA
2024-04-08,4.12,4.21,4.28,4.25,4.15,4.07,3.837,,,,,,,efbn,HKMA
2024-04-05,4.05,4.2,4.31,4.25,4.16,4.1,3.738,,,,,,,efbn,HKMA
2024-04-03,4.08,4.15,4.25,4.24,4.16,4.13,3.777,,,,,,,efbn,HKMA
2024-04-02,4.04,4.16,4.17,4.17,4.17,4.11,3.748,,,,,,,efbn,HKMA
2024-03-28,4.65,4.27,4.27,4.25,4.2,4.12,3.701,,,,,,,efbn,HKMA
2024-03-27,4.32,4.27,4.27,4.2,4.18,4.07,3.656,,,,,,,efbn,HKMA
2024-03-26,4.56,4.4,4.32,4.27,4.15,4.1,3.661,,,,,,,efbn,HKMA
2024-03-25,4.66,4.43,4.33,4.27,4.15,4.1,3.65,,,,,,,efbn,HKMA
2024-03-22,4.43,4.38,4.3,4.27,4.15,4.1,3.671,,,,,,,efbn,HKMA
2024-03-21,4.27,4.25,4.26,4.25,4.15,4.1,3.643,,,,,,,efbn,HKMA
2024-03-20,4.23,4.26,4.27,4.23,4.14,4.14,3.742,,,,,,,efbn,HKMA
2024-03-19,4.12,4.17,4.16,4.11,4.09,4.08,3.781,,,,,,,efbn,HKMA
2024-03-18,3.95,4.12,4.15,4.09,4.05,4.05,3.786,,,,,,,efbn,HKMA
2024-03-15,3.92,4.08,4.16,4.08,4.04,4.03,3.729,,,,,,,efbn,HKMA
2024-03-14,3.9,4.07,4.14,4.05,4.0,4.0,3.652,,,,,,,efbn,HKMA
2024-03-13,3.89,4.08,4.14,4.05,4.0,4.0,3.602,,,,,,,efbn,HKMA
2024-03-12,3.87,4.01,4.08,4.01,3.95,3.9,3.574,,,,,,,efbn,HKMA
2024-03-11,3.95,4.07,4.08,4.01,3.95,3.9,3.542,,,,,,,efbn,HKMA
2024-03-08,3.9,4.06,4.09,4.02,3.95,3.9,3.568,,,,,,,efbn,HKMA
2024-03-07,3.9,4.05,4.07,4.01,3.92,3.87,3.595,,,,,,,efbn,HKMA
2024-03-06,3.76,4.0,4.03,4.0,3.9,3.85,3.6,,,,,,,efbn,HKMA
2024-03-05,4.0,4.0,4.01,3.99,3.94,3.89,3.622,,,,,,,efbn,HKMA
2024-03-04,3.9,3.97,4.0,3.97,3.93,3.88,3.594,,,,,,,efbn,HKMA
2024-03-01,3.95,4.0,4.0,4.0,3.95,3.9,3.647,,,,,,,efbn,HKMA
2024-02-29,3.99,4.0,4.02,4.02,3.92,3.9,3.658,,,,,,,efbn,HKMA
2024-02-28,3.97,4.0,4.03,4.01,3.92,3.88,3.711,,,,,,,efbn,HKMA
2024-02-27,3.96,4.04,4.08,4.01,3.92,3.87,3.695,,,,,,,efbn,HKMA
2024-02-26,3.85,4.01,4.04,4.01,3.95,3.89,3.668,,,,,,,efbn,HKMA
2024-02-23,3.94,4.05,4.09,4.05,3.95,3.88,3.696,,,,,,,efbn,HKMA
2024-02-22,3.95,4.11,4.11,4.06,3.95,3.9,3.666,,,,,,,efbn,HKMA
2024-02-21,3.93,4.08,4.08,4.05,3.97,3.87,3.621,,,,,,,efbn,HKMA
2024-02-20,4.01,4.05,4.03,3.98,3.91,3.85,3.688,,,,,,,efbn,HKMA
2024-02-19,4.15,4.08,4.06,3.98,3.96,3.86,3.688,,,,,,,efbn,HKMA
2024-02-16,4.12,4.05,4.04,4.0,3.93,3.86,3.678,,,,,,,efbn,HKMA
2024-02-15,4.05,4.07,4.05,3.97,3.94,3.85,3.649,,,,,,,efbn,HKMA
2024-02-14,4.14,4.13,4.08,4.03,3.95,3.88,3.697,,,,,,,efbn,HKMA
2024-02-09,4.4,4.06,4.05,3.95,3.9,3.82,3.489,,,,,,,efbn,HKMA
2024-02-08,4.26,4.17,4.08,3.99,3.92,3.82,3.478,,,,,,,efbn,HKMA
2024-02-07,4.1,4.06,4.02,3.96,3.87,3.78,3.438,,,,,,,efbn,HKMA
2024-02-06,4.0,4.03,3.98,3.96,3.85,3.75,3.433,,,,,,,efbn,HKMA
2024-02-05,3.96,3.98,4.01,3.95,3.87,3.74,3.428,,,,,,,efbn,HKMA
2024-02-02,4.0,4.02,4.0,3.97,3.87,3.75,3.258,,,,,,,efbn,HKMA
2024-02-01,3.95,3.95,4.02,3.95,3.85,3.75,3.288,,,,,,,efbn,HKMA
2024-01-31,4.1,4.05,4.02,3.95,3.87,3.71,3.399,,,,,,,efbn,HKMA
2024-01-30,4.22,4.17,4.13,4.0,3.97,3.8,3.382,,,,,,,efbn,HKMA
2024-01-29,3.85,4.01,4.08,4.01,3.95,3.8,3.389,,,,,,,efbn,HKMA
2024-01-26,3.65,3.9,4.01,3.98,3.91,3.77,3.358,,,,,,,efbn,HKMA
2024-01-25,3.55,3.79,4.02,3.96,3.92,3.78,3.428,,,,,,,efbn,HKMA
2024-01-24,3.44,3.96,4.03,3.95,3.88,3.75,3.389,,,,,,,efbn,HKMA
2024-01-23,4.0,4.22,4.27,4.13,3.97,3.83,3.418,,,,,,,efbn,HKMA
2024-01-22,4.14,4.27,4.29,4.1,3.97,3.85,3.431,,,,,,,efbn,HKMA
2024-01-19,4.3,4.35,4.31,4.15,4.0,3.87,3.451,,,,,,,efbn,HKMA
2024-01-18,4.4,4.45,4.37,4.15,4.01,3.87,3.412,,,,,,,efbn,HKMA
2024-01-17,4.4,4.35,4.3,4.05,3.95,3.85,3.357,,,,,,,efbn,HKMA
2024-01-16,4.57,4.51,4.4,4.17,4.02,3.89,3.369,,,,,,,efbn,HKMA
2024-01-15,4.57,4.56,4.4,4.14,4.03,3.93,3.331,,,,,,,efbn,HKMA
2024-01-12,4.6,4.55,4.4,4.15,4.1,4.02,3.379,,,,,,,efbn,HKMA
2024-01-11,4.15,4.38,4.35,4.12,4.07,3.98,3.453,,,,,,,efbn,HKMA
2024-01-10,4.35,4.4,4.37,4.14,4.07,3.98,3.499,,,,,,,efbn,HKMA
2024-01-09,4.7,4.7,4.51,4.2,4.12,4.02,3.556,,,,,,,efbn,HKMA
2024-01-08,4.75,4.66,4.48,4.2,4.1,4.02,3.574,,,,,,,efbn,HKMA
2024-01-05,4.65,4.6,4.45,4.15,4.1,4.0,3.537,,,,,,,efbn,HKMA
2024-01-04,4.6,4.56,4.49,4.12,4.07,3.97,3.482,,,,,,,efbn,HKMA
2024-01-03,4.5,4.45,4.42,4.12,4.07,3.97,3.438,,,,,,,efbn,HKMA
2024-01-02,4.45,4.45,4.42,4.23,4.13,3.98,3.395,,,,,,,efbn,HKMA
2023-12-29,5.5,4.62,4.47,4.23,4.08,3.97,3.388,,,,,,,efbn,HKMA
2023-12-28,5.4,4.71,4.53,4.25,4.1,4.0,3.395,,,,,,,efbn,HKMA
2023-12-27,5.25,4.71,4.55,4.25,4.14,4.02,3.434,,,,,,,efbn,HKMA
2023-12-22,4.94,4.87,4.49,4.34,4.19,4.06,3.45,,,,,,,efbn,HKMA
2023-12-21,4.85,5.06,4.52,4.37,4.22,4.1,3.478,,,,,,,efbn,HKMA
2023-12-20,4.75,4.94,4.57,4.36,4.21,4.08,3.605,,,,,,,efbn,HKMA
2023-12-19,4.93,4.97,4.65,4.55,4.35,4.2,3.655,,,,,,,efbn,HKMA
2023-12-18,4.3,4.75,4.62,4.55,4.34,4.24,3.628,,,,,,,efbn,HKMA
2023-12-15,3.74,4.61,4.49,4.43,4.27,4.12,3.587,,,,,,,efbn,HKMA
2023-12-14,3.65,4.55,4.49,4.4,4.22,4.08,3.544,,,,,,,efbn,HKMA
2023-12-13,3.75,4.52,4.6,4.5,4.43,4.33,3.844,,,,,,,efbn,HKMA
2023-12-12,4.04,4.75,4.67,4.58,4.47,4.37,3.823,,,,,,,efbn,HKMA
2023-12-11,4.23,4.75,4.72,4.59,4.48,4.38,3.818,,,,,,,efbn,HKMA
2023-12-08,4.36,4.86,4.7,4.6,4.46,4.35,3.787,,,,,,,efbn,HKMA
2023-12-07,4.45,4.89,4.75,4.63,4.49,4.37,3.814,,,,,,,efbn,HKMA
2023-12-06,3.81,4.71,4.67,4.5,4.43,4.3,3.777,,,,,,,efbn,HKMA
2023-12-05,4.2,4.71,4.85,4.71,4.52,4.39,3.804,,,,,,,efbn,HKMA
2023-12-04,4.25,4.75,4.87,4.67,4.55,4.43,3.816,,,,,,,efbn,HKMA
2023-12-01,4.35,4.67,5.0,4.7,4.62,4.49,3.914,,,,,,,efbn,HKMA
2023-11-30,4.65,4.82,5.05,4.74,4.65,4.49,3.903,,,,,,,efbn,HKMA
2023-11-29,4.85,5.02,5.18,4.87,4.77,4.62,4.011,,,,,,,efbn,HKMA
2023-11-28,5.15,5.1,5.2,5.0,4.87,4.75,4.206,,,,,,,efbn,HKMA
2023-11-27,5.16,5.12,5.2,4.97,4.85,4.74,4.249,,,,,,,efbn,HKMA
2023-11-24,5.1,5.05,5.17,4.94,4.83,4.73,4.213,,,,,,,efbn,HKMA
2023-11-23,5.05,5.05,5.14,4.92,4.79,4.73,4.179,,,,,,,efbn,HKMA
2023-11-22,5.0,5.02,5.14,4.91,4.8,4.73,4.164,,,,,,,efbn,HKMA
2023-11-21,4.9,5.0,5.04,4.87,4.82,4.75,4.238,,,,,,,efbn,HKMA
2023-11-20,4.97,4.97,5.05,4.88,4.79,4.74,4.177,,,,,,,efbn,HKMA
2023-11-17,4.7,4.85,5.02,4.88,4.79,4.72,4.134,,,,,,,efbn,HKMA
2023-11-16,4.47,4.68,4.97,4.8,4.75,4.71,4.176,,,,,,,efbn,HKMA
2023-11-15,4.6,4.77,5.0,4.8,4.76,4.71,4.146,,,,,,,efbn,HKMA
2023-11-14,4.58,4.75,4.96,4.83,4.78,4.78,4.35,,,,,,,efbn,HKMA
2023-11-13,4.6,4.8,4.96,4.84,4.79,4.77,4.343,,,,,,,efbn,HKMA
2023-11-10,4.77,4.86,4.98,4.83,4.78,4.77,4.294,,,,,,,efbn,HKMA
2023-11-09,4.7,4.74,4.9,4.79,4.73,4.7,4.18,,,,,,,efbn,HKMA
2023-11-08,4.61,4.65,4.87,4.73,4.68,4.65,4.162,,,,,,,efbn,HKMA
2023-11-07,4.47,4.6,4.85,4.7,4.64,4.64,4.192,,,,,,,efbn,HKMA
2023-11-06,4.36,4.57,4.83,4.67,4.62,4.62,4.12,,,,,,,efbn,HKMA
2023-11-03,4.4,4.57,4.83,4.69,4.67,4.66,4.22,,,,,,,efbn,HKMA
2023-11-02,4.49,4.57,4.83,4.69,4.66,4.64,4.214,,,,,,,efbn,HKMA
2023-11-01,4.56,4.65,4.85,4.7,4.68,4.67,4.338,,,,,,,efbn,HKMA
2023-10-31,4.54,4.6,4.87,4.67,4.68,4.66,4.284,,,,,,,efbn,HKMA
2023-10-30,4.61,4.63,4.88,4.7,4.67,4.67,4.296,,,,,,,efbn,HKMA
2023-10-27,4.47,4.65,4.87,4.7,4.68,4.65,4.289,,,,,,,efbn,HKMA
2023-10-26,4.45,4.63,4.86,4.69,4.68,4.66,4.341,,,,,,,efbn,HKMA
2023-10-25,4.42,4.63,4.87,4.7,4.68,4.66,4.288,,,,,,,efbn,HKMA
2023-10-24,4.4,4.62,4.79,4.7,4.68,4.67,4.27,,,,,,,efbn,HKMA
2023-10-20,4.35,4.62,4.76,4.68,4.67,4.65,4.35,,,,,,,efbn,HKMA
2023-10-19,4.19,4.52,4.72,4.66,4.67,4.65,4.356,,,,,,,efbn,HKMA
2023-10-18,4.55,4.67,4.81,4.68,4.69,4.66,4.39,,,,,,,efbn,HKMA
