end_of_date,cert_of_indebt,gov_notes_coins_circulation,aggr_balance_bf_disc_win,aggr_balance_af_disc_win,outstanding_efbn,ow_lb_bf_disc_win,ow_lb_af_disc_win,mb_bf_disc_win_total,data_type,source
2025-11-21,630035,13171,54163,54163,1331740,1160951,1160951,2029109,monetary_base,HKMA
2025-11-20,626595,13171,54163,54183,1331632,1163736,1163715,2025561,monetary_base,HKMA
2025-11-19,625955,13171,54163,54163,1331743,1165552,1165552,2025032,monetary_base,HKMA
2025-11-18,626745,13171,54090,54090,1331110,1164535,1164535,2025116,monetary_base,HKMA
2025-11-17,627505,13171,54090,54090,1330437,1163834,1163834,2025203,monetary_base,HKMA
2025-11-14,630075,13171,54090,54090,1330048,1163528,1163528,2027384,monetary_base,HKMA
2025-11-13,626285,13171,54090,54090,1329888,1162196,1162196,2023434,monetary_base,HKMA
2025-11-12,625375,13168,54090,54090,1329913,1164441,1164441,2022546,monetary_base,HKMA
2025-11-11,626925,13171,54072,54072,1329730,1167842,1167842,2023898,monetary_base,HKMA
2025-11-10,628075,13172,54072,56016,1329701,1168834,1166886,2025020,monetary_base,HKMA
2025-11-07,630995,13172,54072,54171,1329473,1171936,1171836,2027712,monetary_base,HKMA
2025-11-06,627295,13174,54072,54072,1329212,1174523,1174523,2023753,monetary_base,HKMA
2025-11-05,626075,13174,54072,54072,1329018,1175643,1175643,2022339,monetary_base,HKMA
2025-11-04,627335,13178,54053,54053,1328773,1167779,1167779,2023339,monetary_base,HKMA
2025-11-03,627945,13178,54053,54678,1328485,1168957,1168332,2023661,monetary_base,HKMA
2025-10-31,631535,13178,54053,54053,1328030,1168957,1168957,2026796,monetary_base,HKMA
2025-10-30,627915,13183,54053,54683,1327836,1171553,1170922,2022987,monetary_base,HKMA
2025-10-28,628285,13183,54172,54172,1327437,1175801,1175801,2023077,monetary_base,HKMA
2025-10-27,626715,13185,54172,54172,1327410,1176057,1176057,2021482,monetary_base,HKMA
2025-10-24,628345,13185,54172,54172,1327078,1176879,1176879,2022780,monetary_base,HKMA
2025-10-23,624425,13180,54172,54192,1326965,1176148,1176148,2018742,monetary_base,HKMA
2025-10-22,623195,13175,54172,54172,1326765,1176203,1176203,2017307,monetary_base,HKMA
2025-10-21,624555,13175,54164,54164,1326434,1175352,1175352,2018328,monetary_base,HKMA
2025-10-20,625405,13176,54164,54164,1326359,1176356,1176356,2019104,monetary_base,HKMA
2025-10-17,627845,13178,54164,54164,1326177,1176046,1176046,2021364,monetary_base,HKMA
2025-10-16,624165,13178,54164,54164,1326112,1175034,1175034,2017619,monetary_base,HKMA
2025-10-15,623595,13180,54164,54184,1325997,1174191,1174170,2016936,monetary_base,HKMA
2025-10-14,624655,13179,54167,54167,1325771,1170070,1170070,2017772,monetary_base,HKMA
2025-10-13,626385,13179,54167,54167,1325811,1170212,1170212,2019542,monetary_base,HKMA
2025-10-10,629545,13179,54167,54167,1325541,1170397,1170397,2022432,monetary_base,HKMA
2025-10-09,626665,13179,54167,54167,1325402,1170690,1170690,2019413,monetary_base,HKMA
2025-10-08,628095,13179,54167,54167,1325250,1130094,1130094,2020691,monetary_base,HKMA
2025-10-06,630485,13178,54147,54147,1325030,1168882,1168882,2022840,monetary_base,HKMA
2025-10-03,631925,13178,54147,54147,1324899,1169642,1169642,2024149,monetary_base,HKMA
2025-10-02,627285,13178,54147,54147,1324905,1170764,1170764,2019515,monetary_base,HKMA
2025-09-30,628365,13185,54208,54208,1324480,1170669,1170669,2020238,monetary_base,HKMA
2025-09-29,627105,13181,54208,54208,1324513,1171909,1171909,2019007,monetary_base,HKMA
2025-09-26,629695,13181,54208,54208,1324184,1175810,1175810,2021268,monetary_base,HKMA
2025-09-25,625415,13175,54208,54208,1323929,1194132,1194132,2016727,monetary_base,HKMA
2025-09-24,628095,13176,53992,55266,1323054,1119399,1118122,2018317,monetary_base,HKMA
2025-09-23,628095,13176,53992,54368,1323764,1191130,1190754,2019027,monetary_base,HKMA
2025-09-22,626825,13176,53992,54032,1323984,1190659,1190619,2017977,monetary_base,HKMA
2025-09-19,628185,13176,53992,53992,1323777,1192468,1192468,2019130,monetary_base,HKMA
2025-09-18,624375,13176,53992,53992,1323640,1194844,1194844,2015183,monetary_base,HKMA
2025-09-17,621135,13173,53992,53992,1323674,1195627,1195627,2011974,monetary_base,HKMA
2025-09-16,622185,13173,53983,53983,1323602,1195768,1195768,2012943,monetary_base,HKMA
2025-09-15,623785,13174,53983,53983,1323566,1200904,1200904,2014508,monetary_base,HKMA
2025-09-12,626085,13174,53983,53983,1323300,1201303,1201303,2016542,monetary_base,HKMA
2025-09-11,622345,13172,53983,53983,1323316,1201912,1201912,2012816,monetary_base,HKMA
2025-09-10,621445,13172,53983,53983,1323290,1202138,1202138,2011890,monetary_base,HKMA
2025-09-09,622535,13173,53996,53996,1323115,1207959,1207959,2012819,monetary_base,HKMA
2025-09-08,625835,13173,53996,53996,1323169,1209455,1209455,2016173,monetary_base,HKMA
2025-09-05,625835,13173,53996,53996,1322882,1208569,1208569,2015886,monetary_base,HKMA
2025-09-04,621205,13173,53996,53996,1322803,1209055,1209055,2011177,monetary_base,HKMA
2025-09-03,620515,13168,53996,53996,1322746,1209300,1209300,2010425,monetary_base,HKMA
2025-09-02,622085,13168,54061,54061,1322325,1206171,1206171,2011639,monetary_base,HKMA
2025-09-01,622835,13168,54061,55461,1322437,1206525,1205123,2012501,monetary_base,HKMA
2025-08-29,624765,13168,54061,54061,1322034,1205496,1205496,2014028,monetary_base,HKMA
2025-08-28,619575,13168,54061,54061,1322109,1206317,1206317,2008913,monetary_base,HKMA
2025-08-27,618225,13169,54056,54056,1321851,1206067,1206067,2007301,monetary_base,HKMA
2025-08-26,619185,13172,53948,53948,1322209,1201486,1201486,2008514,monetary_base,HKMA
2025-08-25,619735,13172,53944,53944,1322808,1200753,1200753,2009659,monetary_base,HKMA
2025-08-22,621865,13172,53877,53877,1322738,1199470,1199470,2011652,monetary_base,HKMA
2025-08-21,619035,13172,53852,53852,1322611,1199876,1199876,2008670,monetary_base,HKMA
2025-08-20,618315,13172,53832,53909,1322597,1199428,1199351,2007916,monetary_base,HKMA
2025-08-19,619605,13169,53716,53716,1323606,1196920,1196920,2010096,monetary_base,HKMA
2025-08-18,620975,13169,53716,53716,1323856,1197088,1197088,2011716,monetary_base,HKMA
2025-08-15,623175,13168,53716,53716,1324112,1196504,1196504,2014171,monetary_base,HKMA
2025-08-14,619605,13168,57091,57091,1324594,1196775,1196775,2014458,monetary_base,HKMA
2025-08-13,618645,13168,64156,64156,1324588,1198075,1198075,2020557,monetary_base,HKMA
2025-08-12,619615,13164,64062,64062,1324750,1199834,1199834,2021591,monetary_base,HKMA
2025-08-11,620725,13164,64062,64062,1324769,1199825,1199825,2022720,monetary_base,HKMA
2025-08-08,623495,13164,64062,64062,1324669,1200159,1200159,2025390,monetary_base,HKMA
2025-08-07,619235,13164,72501,72501,1324590,1201678,1201678,2029490,monetary_base,HKMA
2025-08-06,618745,13164,72501,72501,1324458,1205748,1205748,2028868,monetary_base,HKMA
2025-08-05,620625,13163,79020,79020,1324546,1202547,1202547,2037354,monetary_base,HKMA
2025-08-04,620625,13163,82552,82552,1324516,1203027,1203027,2040856,monetary_base,HKMA
2025-08-01,623505,13163,82552,82552,1324294,1202757,1202757,2043514,monetary_base,HKMA
2025-07-31,618715,13163,86477,86558,1324261,1202262,1202181,2042616,monetary_base,HKMA
2025-07-30,616785,13163,86477,86477,1324175,1203343,1203343,2040600,monetary_base,HKMA
2025-07-29,617585,13160,86346,86346,1324231,1201013,1201013,2041322,monetary_base,HKMA
2025-07-28,617935,13160,86346,86346,1324162,1204677,1204677,2041603,monetary_base,HKMA
2025-07-25,620235,13160,86346,86346,1324048,1202435,1202435,2043789,monetary_base,HKMA
2025-07-24,616405,13160,86346,86346,1324106,1201588,1201588,2040017,monetary_base,HKMA
2025-07-23,616695,13167,86346,86366,1324033,1208458,1208437,2040241,monetary_base,HKMA
2025-07-22,617255,13169,86429,86449,1323856,1210598,1210577,2040709,monetary_base,HKMA
2025-07-21,618355,13169,86429,86429,1323938,1210655,1210655,2041891,monetary_base,HKMA
2025-07-18,620855,13171,86429,86429,1323908,1210520,1210520,2044363,monetary_base,HKMA
2025-07-17,616595,13171,86429,86429,1323608,1209758,1209758,2039803,monetary_base,HKMA
2025-07-16,614725,13171,101258,101258,1323377,1212483,1212483,2052531,monetary_base,HKMA
2025-07-15,616255,13171,101215,101215,1323597,1211890,1211890,2054238,monetary_base,HKMA
2025-07-14,617685,13171,101215,101215,1323608,1212170,1212170,2055679,monetary_base,HKMA
2025-07-11,620295,13170,114497,114497,1323658,1212058,1212058,2071620,monetary_base,HKMA
2025-07-10,616685,13167,114497,114497,1323679,1212947,1212947,2068028,monetary_base,HKMA
2025-07-09,615845,13165,114497,114497,1323496,1213889,1213889,2067003,monetary_base,HKMA
2025-07-08,617465,13165,114541,119209,1323528,1208376,1203704,2068699,monetary_base,HKMA
2025-07-07,618185,13165,114541,114541,1323597,1208585,1208585,2069488,monetary_base,HKMA
2025-07-04,620745,13165,144175,144175,1323730,1209148,1209148,2101815,monetary_base,HKMA
2025-07-03,616475,13165,144175,144175,1323970,1209454,1209454,2097785,monetary_base,HKMA
2025-07-02,616595,13169,164192,164192,1323727,1209751,1209751,2117683,monetary_base,HKMA
2025-06-30,619045,13169,164098,164098,1323941,1211228,1211228,2120253,monetary_base,HKMA
2025-06-27,617915,13169,164098,164098,1323841,1211129,1211129,2119023,monetary_base,HKMA
2025-06-26,612475,13169,173518,173518,1323590,1211337,1211337,2122752,monetary_base,HKMA
2025-06-25,611555,13169,173518,173518,1323470,1212286,1212286,2121712,monetary_base,HKMA
2025-06-24,612495,13169,173464,173464,1323538,1212562,1212562,2122666,monetary_base,HKMA
2025-06-23,613085,13169,173464,173464,1323522,1214090,1214090,2123240,monetary_base,HKMA
2025-06-20,614885,13169,173464,173464,1323510,1213945,1213945,2125028,monetary_base,HKMA
2025-06-19,611715,13169,173464,173464,1323543,1214383,1214383,2121891,monetary_base,HKMA
2025-06-18,611625,13166,173464,173464,1323502,1214374,1214374,2121757,monetary_base,HKMA
2025-06-17,612645,13175,173483,173483,1323447,1212098,1212098,2122750,monetary_base,HKMA
2025-06-16,613775,13174,173483,173483,1322962,1213024,1213024,2123394,monetary_base,HKMA
2025-06-13,615785,13176,173483,173483,1322926,1213764,1213764,2125370,monetary_base,HKMA
2025-06-12,615145,13176,173483,173483,1322857,1214518,1214518,2124661,monetary_base,HKMA
2025-06-11,611525,13176,173483,173483,1322850,1214555,1214555,2121034,monetary_base,HKMA
2025-06-10,611975,13181,173519,173519,1324646,1206944,1206944,2123321,monetary_base,HKMA
2025-06-09,612915,13181,173519,173539,1324646,1217815,1217795,2124261,monetary_base,HKMA
2025-06-06,616145,13181,173519,173519,1322564,1217357,1217357,2125409,monetary_base,HKMA
2025-06-05,612575,13181,173519,173519,1322434,1218381,1218381,2121709,monetary_base,HKMA
2025-06-04,611735,13181,173519,173519,1322412,1218442,1218442,2120847,monetary_base,HKMA
2025-06-03,612775,13188,173434,176446,1322658,1219112,1216092,2122055,monetary_base,HKMA
2025-06-02,613395,13192,173434,173434,1322735,1219362,1219362,2122756,monetary_base,HKMA
2025-05-30,615415,13192,173434,173434,1322897,1219593,1219593,2124938,monetary_base,HKMA
2025-05-29,609995,13189,173434,173434,1323072,1219989,1219989,2119690,monetary_base,HKMA
2025-05-28,607885,13190,173434,173434,1323029,1220595,1220595,2117538,monetary_base,HKMA
2025-05-27,608125,13193,173658,173658,1322672,1219034,1219034,2117648,monetary_base,HKMA
2025-05-26,608735,13192,173652,173652,1322583,1218590,1218590,2118162,monetary_base,HKMA
2025-05-23,610125,13193,173615,173615,1322484,1217092,1217092,2119417,monetary_base,HKMA
2025-05-22,606705,13194,173593,174089,1322180,1214663,1214165,2115672,monetary_base,HKMA
2025-05-21,605845,13196,173565,173565,1322183,1215609,1215609,2114789,monetary_base,HKMA
2025-05-20,606645,13201,173632,173632,1321985,1209463,1209463,2115463,monetary_base,HKMA
2025-05-19,607665,13201,173630,173630,1320983,1209336,1209336,2115479,monetary_base,HKMA
2025-05-16,609655,13207,173630,173630,1320868,1209469,1209469,2117360,monetary_base,HKMA
2025-05-15,606565,13207,173630,173630,1320848,1209550,1209550,2114250,monetary_base,HKMA
2025-05-14,605765,13205,173630,173630,1320837,1210888,1210888,2113437,monetary_base,HKMA
2025-05-13,606815,13205,174100,174100,1320269,1209477,1209477,2114389,monetary_base,HKMA
2025-05-12,608135,13205,174100,174100,1319794,1209693,1209693,2115234,monetary_base,HKMA
2025-05-09,610745,13205,174100,174100,1318982,1208110,1208110,2117032,monetary_base,HKMA
2025-05-08,608075,13205,174100,174100,1318094,1207684,1207684,2113474,monetary_base,HKMA
2025-05-07,608975,13201,161313,161313,1316382,1207450,1207450,2099871,monetary_base,HKMA
2025-05-06,610455,13204,44611,44611,1315515,1197086,1197086,1983785,monetary_base,HKMA
2025-05-02,615005,13204,44611,44611,1314072,1194827,1194827,1986892,monetary_base,HKMA
2025-04-30,611155,13204,44611,45106,1313813,1199052,1198556,1982783,monetary_base,HKMA
2025-04-29,608595,13204,44547,44597,1313744,1201080,1201030,1980090,monetary_base,HKMA
2025-04-28,607345,13204,44547,44547,1313953,1202597,1202597,1979049,monetary_base,HKMA
2025-04-25,608285,13204,44547,44822,1313620,1203362,1203087,1979656,monetary_base,HKMA
2025-04-24,605745,13204,44547,44547,1313632,1207827,1207827,1977128,monetary_base,HKMA
2025-04-23,607525,13201,44547,44547,1313558,1208027,1208027,1978831,monetary_base,HKMA
2025-04-22,609405,13207,44674,44734,1313393,1204453,1204393,1980679,monetary_base,HKMA
2025-04-17,613795,13207,44674,44674,1312921,1200701,1200701,1984597,monetary_base,HKMA
2025-04-16,610335,13207,44674,44674,1312772,1203779,1203779,1980988,monetary_base,HKMA
2025-04-15,608035,13213,44783,44783,1312525,1202122,1202122,1978556,monetary_base,HKMA
2025-04-14,607075,13213,44783,44783,1312479,1202526,1202526,1977550,monetary_base,HKMA
2025-04-11,608195,13213,44783,45476,1312165,1202389,1201689,1978356,monetary_base,HKMA
2025-04-10,604875,13213,44783,44783,1312236,1202276,1202276,1975107,monetary_base,HKMA
2025-04-09,605505,13217,44783,44783,1312032,1202710,1202710,1975537,monetary_base,HKMA
2025-04-08,607395,13217,44689,44709,1312055,1204696,1204676,1977356,monetary_base,HKMA
2025-04-07,609125,13222,44689,44689,1312062,1204940,1204940,1979098,monetary_base,HKMA
2025-04-03,612915,13223,44689,44689,1311625,1205846,1205846,1982452,monetary_base,HKMA
2025-04-02,610635,13223,44689,44694,1311482,1207310,1207304,1980029,monetary_base,HKMA
2025-04-01,607935,13227,44621,44621,1311391,1206294,1206294,1977174,monetary_base,HKMA
2025-03-31,608025,13227,44621,44621,1311244,1204331,1204331,1977117,monetary_base,HKMA
2025-03-28,609795,13231,44621,44621,1310730,1202407,1202407,1978377,monetary_base,HKMA
2025-03-27,604745,13232,44621,44621,1310501,1201472,1201472,1973099,monetary_base,HKMA
2025-03-26,603505,13236,44621,45540,1310260,1202675,1201755,1971622,monetary_base,HKMA
2025-03-25,604535,13236,44595,44595,1310049,1199644,1199644,1972415,monetary_base,HKMA
2025-03-24,605385,13240,44595,44595,1309855,1199479,1199479,1973075,monetary_base,HKMA
2025-03-21,607225,13240,44595,44595,1309497,1199942,1199942,1974557,monetary_base,HKMA
2025-03-20,604485,13244,44595,44595,1309399,1199799,1199799,1971723,monetary_base,HKMA
2025-03-19,604045,13244,44595,44595,1309230,1200195,1200195,1971114,monetary_base,HKMA
2025-03-18,605545,13252,44720,44720,1308962,1200243,1200243,1972479,monetary_base,HKMA
2025-03-17,606925,13252,44720,46720,1308859,1200161,1198161,1973756,monetary_base,HKMA
2025-03-14,608955,13252,44720,44720,1308488,1199835,1199835,1975415,monetary_base,HKMA
2025-03-13,606005,13256,44720,44720,1308349,1202708,1202708,1972330,monetary_base,HKMA
2025-03-12,605525,13256,44720,44720,1308130,1202820,1202820,1971631,monetary_base,HKMA
2025-03-11,606545,13253,44658,44658,1308164,1202682,1202682,1972620,monetary_base,HKMA
2025-03-10,607555,13258,44658,44658,1308083,1202702,1202702,1973554,monetary_base,HKMA
2025-03-07,610035,13258,44658,44658,1307798,1202228,1202228,1975749,monetary_base,HKMA
2025-03-06,606385,13265,44658,44658,1307634,1204172,1204172,1971942,monetary_base,HKMA
2025-03-05,605175,13264,44658,44658,1307477,1205286,1205286,1970574,monetary_base,HKMA
2025-03-04,607055,13276,44700,46668,1307330,1203509,1201533,1972361,monetary_base,HKMA
2025-03-03,608205,13276,44700,44700,1306998,1203444,1203444,1973179,monetary_base,HKMA
2025-02-28,611335,13276,44700,44700,1306605,1204408,1204408,1975916,monetary_base,HKMA
2025-02-27,607115,13280,44690,44690,1306491,1204611,1204611,1971576,monetary_base,HKMA
2025-02-26,605655,13300,44674,44674,1306320,1207124,1207124,1969949,monetary_base,HKMA
2025-02-25,606375,13300,44762,44762,1306312,1205081,1205081,1970749,monetary_base,HKMA
2025-02-24,607475,13300,44751,44751,1305920,1212618,1212618,1971446,monetary_base,HKMA
2025-02-21,609865,13300,44651,44651,1305593,1210798,1210798,1973409,monetary_base,HKMA
2025-02-20,606905,13303,44631,44631,1305503,1212446,1212446,1970342,monetary_base,HKMA
2025-02-19,606745,13323,44621,44621,1305378,1212501,1212501,1970067,monetary_base,HKMA
2025-02-18,608295,13319,44737,50236,1305358,1209795,1204288,1971709,monetary_base,HKMA
2025-02-17,609895,13318,44737,44737,1305235,1209795,1209795,1973185,monetary_base,HKMA
2025-02-14,612645,13322,44737,44737,1304949,1209585,1209585,1975653,monetary_base,HKMA
2025-02-13,610395,13332,44737,44737,1304818,1210470,1210470,1973282,monetary_base,HKMA
2025-02-12,610615,13336,44737,44737,1304824,1211910,1211910,1973512,monetary_base,HKMA
2025-02-11,612625,13352,44611,44611,1304880,1209512,1209512,1975468,monetary_base,HKMA
2025-02-10,614675,13352,44611,44611,1304690,1210012,1210012,1977328,monetary_base,HKMA
2025-02-07,618415,13352,44611,44611,1304288,1211952,1211952,1980666,monetary_base,HKMA
2025-02-06,618315,13388,44611,44631,1304232,1211321,1211300,1980546,monetary_base,HKMA
2025-02-05,620475,13387,44611,44611,1304158,1212478,1212478,1982631,monetary_base,HKMA
2025-02-04,623545,13387,44614,45865,1303959,1209413,1208160,1985505,monetary_base,HKMA
2025-02-03,627145,13387,44614,44614,1303662,1210586,1210586,1988808,monetary_base,HKMA
2025-01-28,633625,13387,44637,44637,1302882,1205033,1205033,1994531,monetary_base,HKMA
2025-01-27,628685,13387,44637,44637,1302392,1205379,1205379,1989101,monetary_base,HKMA
2025-01-24,626345,13398,44637,44637,1302060,1206138,1206138,1986440,monetary_base,HKMA
2025-01-23,619275,13396,44637,46636,1301988,1207122,1205120,1979296,monetary_base,HKMA
2025-01-22,614985,13396,44637,44637,1301855,1207947,1207947,1974873,monetary_base,HKMA
2025-01-21,613845,13407,44990,44990,1301284,1202255,1202255,1973526,monetary_base,HKMA
2025-01-20,613385,13407,44990,44990,1301045,1203676,1203676,1972827,monetary_base,HKMA
2025-01-17,614695,13408,44990,44990,1300689,1205314,1205314,1973782,monetary_base,HKMA
2025-01-16,609885,13408,44990,44990,1300594,1205542,1205542,1968877,monetary_base,HKMA
2025-01-15,607845,13408,44990,44990,1300542,1205967,1205967,1966785,monetary_base,HKMA
2025-01-14,607965,13408,44852,44852,1300269,1201103,1201103,1966494,monetary_base,HKMA
2025-01-13,607215,13408,44852,44872,1299964,1199207,1199187,1965439,monetary_base,HKMA
2025-01-10,607385,13401,44852,44852,1299579,1200706,1200706,1965217,monetary_base,HKMA
2025-01-09,601975,13388,44852,44852,1299469,1203527,1203527,1959684,monetary_base,HKMA
2025-01-08,600455,13385,44852,44852,1299261,1204073,1204073,1957953,monetary_base,HKMA
2025-01-07,600475,13378,44872,46872,1299004,1204716,1202711,1957729,monetary_base,HKMA
2025-01-06,601335,13370,44872,44872,1298869,1207050,1207050,1958446,monetary_base,HKMA
2025-01-03,603305,13359,44872,44872,1298500,1205292,1205292,1960036,monetary_base,HKMA
2025-01-02,600165,13300,44872,44872,1298313,1205565,1205565,1956650,monetary_base,HKMA
2024-12-31,601415,13300,44802,44802,1297986,1198751,1198751,1957503,monetary_base,HKMA
2024-12-30,601425,13300,44802,45752,1297791,1200650,1199698,1957318,monetary_base,HKMA
2024-12-27,604375,13304,44802,45746,1297385,1205422,1204476,1959866,monetary_base,HKMA
2024-12-24,603005,13304,44753,44758,1297077,1202900,1202894,1958139,monetary_base,HKMA
2024-12-23,599585,13304,44753,44753,1296958,1202846,1202846,1954600,monetary_base,HKMA
2024-12-20,599985,13304,44753,48039,1296576,1203155,1199867,1954618,monetary_base,HKMA
2024-12-19,595865,13304,44753,44773,1296408,1201857,1201837,1950330,monetary_base,HKMA
2024-12-18,594395,13304,44753,44753,1296289,1199660,1199660,1948741,monetary_base,HKMA
2024-12-17,594625,13299,44722,44722,1296145,1197070,1197070,1948791,monetary_base,HKMA
2024-12-16,595705,13297,44722,44722,1296037,1200049,1200049,1949761,monetary_base,HKMA
2024-12-13,598125,13297,44722,44722,1295648,1202454,1202454,1951792,monetary_base,HKMA
2024-12-12,594395,13297,44722,44722,1295495,1201241,1201241,1947909,monetary_base,HKMA
2024-12-11,593735,13297,44722,44722,1295357,1205119,1205119,1947111,monetary_base,HKMA
2024-12-10,594675,13285,44733,44754,1295224,1201398,1201377,1947917,monetary_base,HKMA
2024-12-09,595425,13272,44733,44753,1294980,1200238,1200218,1948410,monetary_base,HKMA
2024-12-06,597815,13267,44719,44719,1294800,1197884,1197884,1950601,monetary_base,HKMA
2024-12-05,593975,13265,44719,44719,1294640,1200888,1200888,1946599,monetary_base,HKMA
2024-12-04,592775,13260,44719,44719,1294408,1201272,1201272,1945162,monetary_base,HKMA
2024-12-03,594245,13248,44793,44793,1294130,1197361,1197361,1946416,monetary_base,HKMA
2024-12-02,595345,13244,44793,44793,1293957,1197419,1197419,1947339,monetary_base,HKMA
2024-11-29,598375,13240,44793,44793,1293539,1197391,1197391,1949947,monetary_base,HKMA
2024-11-28,592875,13240,44793,44996,1293372,1201116,1200912,1944280,monetary_base,HKMA
2024-11-27,590985,13236,44791,45591,1293230,1203805,1202996,1942242,monetary_base,HKMA
2024-11-26,591835,13208,45048,45048,1292828,1201689,1201689,1942919,monetary_base,HKMA
2024-11-25,592515,13126,45046,45046,1292718,1202008,1202008,1943405,monetary_base,HKMA
2024-11-22,594375,13120,44967,46304,1292543,1200028,1198686,1945005,monetary_base,HKMA
2024-11-21,590585,13117,44937,44937,1292434,1201382,1201382,1941073,monetary_base,HKMA
2024-11-20,590475,13112,44937,44937,1292335,1201233,1201233,1940859,monetary_base,HKMA
2024-11-19,591295,13109,44799,44799,1292262,1202003,1202003,1941465,monetary_base,HKMA
2024-11-18,592965,13106,44799,46799,1292105,1202165,1200143,1942975,monetary_base,HKMA
2024-11-15,594765,13103,44799,44899,1291702,1202040,1201940,1944369,monetary_base,HKMA
2024-11-14,590875,13101,44799,44799,1291546,1202624,1202624,1940321,monetary_base,HKMA
2024-11-13,592095,13101,44799,44799,1291340,1202470,1202470,1941335,monetary_base,HKMA
2024-11-12,592005,13101,44729,44729,1291309,1205770,1205770,1941144,monetary_base,HKMA
2024-11-11,591325,13101,44729,45729,1291493,1205556,1204556,1940648,monetary_base,HKMA
2024-11-08,594375,13100,44729,44729,1291119,1205470,1205470,1943323,monetary_base,HKMA
2024-11-07,590575,13100,44729,45829,1290990,1205287,1204174,1939394,monetary_base,HKMA
2024-11-06,589715,13100,44729,44729,1290921,1204629,1204629,1938465,monetary_base,HKMA
2024-11-05,590535,13100,44726,44726,1290870,1182746,1182746,1939231,monetary_base,HKMA
2024-11-04,591465,13100,44726,45169,1290686,1182587,1182143,1939977,monetary_base,HKMA
2024-11-01,594325,13100,44726,44726,1290231,1181860,1181860,1942382,monetary_base,HKMA
2024-10-31,589715,13096,44726,44726,1290096,1181086,1181086,1937633,monetary_base,HKMA
2024-10-30,587935,13096,44726,44726,1289906,1182239,1182239,1935663,monetary_base,HKMA
2024-10-29,588585,13096,44790,44790,1289698,1175688,1175688,1936169,monetary_base,HKMA
2024-10-28,589055,13100,44790,44790,1289737,1175915,1175915,1936682,monetary_base,HKMA
2024-10-25,591485,13100,44790,44790,1289351,1176070,1176070,1938726,monetary_base,HKMA
2024-10-24,587895,13101,44790,44790,1289343,1175429,1175429,1935129,monetary_base,HKMA
2024-10-23,586925,13101,44790,44790,1289243,1177636,1177636,1934059,monetary_base,HKMA
2024-10-22,588315,13101,44797,44797,1289064,1175700,1175700,1935277,monetary_base,HKMA
2024-10-21,589115,13101,44797,44797,1288997,1177998,1177998,1936010,monetary_base,HKMA
2024-10-18,591835,13101,44797,45829,1288595,1182036,1181004,1938328,monetary_base,HKMA
2024-10-17,588575,13105,44797,44797,1288549,1178125,1178125,1935026,monetary_base,HKMA
2024-10-16,589225,13105,44797,44797,1288386,1179144,1179144,1935513,monetary_base,HKMA
2024-10-15,591035,13105,44809,44809,1288078,1173343,1173343,1937027,monetary_base,HKMA
2024-10-14,592795,13104,44809,47039,1287942,1173299,1171068,1938650,monetary_base,HKMA
2024-10-10,597365,13104,44809,44809,1287402,1172592,1172592,1942680,monetary_base,HKMA
2024-10-09,594475,13102,44809,44809,1287367,1175321,1175321,1939753,monetary_base,HKMA
2024-10-08,593195,13102,44775,44795,1287135,1171288,1171268,1938207,monetary_base,HKMA
2024-10-07,594275,13102,44775,49564,1286961,1171149,1166332,1939113,monetary_base,HKMA
2024-10-04,597455,13102,44775,44775,1286838,1171859,1171859,1942170,monetary_base,HKMA
2024-10-03,594135,13102,44775,44775,1286809,1172031,1172031,1938821,monetary_base,HKMA
2024-10-02,594415,13102,44775,44775,1286876,1173378,1173378,1939168,monetary_base,HKMA
2024-09-30,596755,13100,44765,47804,1286805,1171887,1168820,1941425,monetary_base,HKMA
2024-09-27,596075,13100,44765,48070,1286669,1170949,1167628,1940609,monetary_base,HKMA
2024-09-26,591045,13100,44765,44765,1286657,1171465,1171465,1935567,monetary_base,HKMA
2024-09-25,589935,13100,44765,44765,1286749,1172490,1172490,1934549,monetary_base,HKMA
2024-09-24,590765,13100,44551,44551,1286739,1169228,1169228,1935155,monetary_base,HKMA
2024-09-23,591845,13100,44551,44551,1286525,1170028,1170028,1936021,monetary_base,HKMA
2024-09-20,594485,13104,44551,44556,1286471,1170205,1170200,1938611,monetary_base,HKMA
2024-09-19,592045,13105,44551,44551,1286459,1168718,1168718,1936160,monetary_base,HKMA
2024-09-17,592885,13105,44658,44678,1286239,1168313,1168293,1936887,monetary_base,HKMA
2024-09-16,592105,13103,44658,47277,1285855,1167986,1165367,1935721,monetary_base,HKMA
2024-09-13,594195,13099,44658,44658,1285489,1168306,1168306,1937441,monetary_base,HKMA
2024-09-12,590815,13099,44658,44658,1285206,1167918,1167918,1933778,monetary_base,HKMA
2024-09-11,590625,13099,44658,44658,1284866,1167562,1167562,1933248,monetary_base,HKMA
2024-09-10,591835,13099,44701,44701,1284539,1166564,1166564,1934174,monetary_base,HKMA
2024-09-09,592815,13099,44701,44701,1284297,1168416,1168416,1934912,monetary_base,HKMA
2024-09-06,596155,13099,44695,44860,1283921,1169156,1168991,1937870,monetary_base,HKMA
2024-09-05,596155,13099,44695,44695,1283797,1169541,1169541,1937746,monetary_base,HKMA
2024-09-04,591965,13099,44695,44695,1283638,1168210,1168210,1933397,monetary_base,HKMA
2024-09-03,590675,13099,44891,44891,1283146,1168576,1168576,1931811,monetary_base,HKMA
2024-09-02,591615,13103,44891,44891,1282956,1167532,1167532,1932565,monetary_base,HKMA
2024-08-30,594175,13103,44891,44891,1282574,1166637,1166637,1934743,monetary_base,HKMA
2024-08-29,589165,13103,44891,44891,1282469,1175583,1175583,1929628,monetary_base,HKMA
2024-08-28,587705,13103,44891,44891,1282416,1176119,1176119,1928115,monetary_base,HKMA
2024-08-27,588505,13103,44888,44888,1282203,1170351,1170351,1928699,monetary_base,HKMA
2024-08-26,589075,13103,44871,44871,1281972,1169077,1169077,1929021,monetary_base,HKMA
2024-08-23,591625,13099,44829,44829,1281516,1169093,1169093,1931069,monetary_base,HKMA
2024-08-22,588265,13099,44806,44826,1281429,1169979,1169958,1927599,monetary_base,HKMA
2024-08-21,587565,13103,44747,44747,1281267,1169876,1169876,1926682,monetary_base,HKMA
2024-08-20,588685,13103,44877,44877,1280949,1166808,1166808,1927614,monetary_base,HKMA
2024-08-19,589395,13103,44854,44854,1280685,1167153,1167153,1928037,monetary_base,HKMA
2024-08-16,591575,13103,44854,44854,1280298,1166805,1166805,1929830,monetary_base,HKMA
2024-08-15,588475,13103,44854,44854,1280219,1165758,1165758,1926651,monetary_base,HKMA
2024-08-14,587925,13103,44854,44854,1280020,1168496,1168496,1925902,monetary_base,HKMA
2024-08-13,589045,13103,44722,44722,1279916,1170112,1170112,1926786,monetary_base,HKMA
2024-08-12,590055,13103,44722,44722,1279894,1169987,1169987,1927774,monetary_base,HKMA
2024-08-09,592355,13100,44722,44722,1279503,1170717,1170717,1929680,monetary_base,HKMA
2024-08-08,588745,13100,44722,44722,1279330,1169986,1169986,1925897,monetary_base,HKMA
2024-08-07,588275,13104,44722,44722,1279189,1199108,1199108,1925290,monetary_base,HKMA
2024-08-06,589605,13104,45012,45012,1278709,1193318,1193318,1926430,monetary_base,HKMA
2024-08-05,590315,13107,45012,45012,1278337,1193576,1193576,1926771,monetary_base,HKMA
2024-08-02,593385,13101,45012,45012,1277672,1193906,1193906,1929170,monetary_base,HKMA
2024-08-01,589275,13101,45012,45012,1277319,1193633,1193633,1924707,monetary_base,HKMA
2024-07-31,587965,13105,45012,45012,1277022,1194729,1194729,1923104,monetary_base,HKMA
2024-07-30,588635,13105,44783,44783,1276933,1192597,1192597,1923456,monetary_base,HKMA
2024-07-29,589435,13105,44783,44783,1276689,1193465,1193465,1924012,monetary_base,HKMA
2024-07-26,591095,13105,44783,44803,1276172,1193443,1193423,1925155,monetary_base,HKMA
2024-07-25,587325,13108,44783,44783,1275977,1193144,1193144,1921193,monetary_base,HKMA
2024-07-24,587005,13108,44783,44783,1275820,1185764,1185764,1920716,monetary_base,HKMA
2024-07-23,588165,13108,44987,45007,1275439,1193828,1193808,1921699,monetary_base,HKMA
2024-07-22,589525,13108,44987,46789,1275300,1193394,1191591,1922920,monetary_base,HKMA
2024-07-19,592625,13110,44987,44987,1274845,1193024,1193024,1925567,monetary_base,HKMA
2024-07-18,588705,13106,44987,45266,1274629,1191415,1191135,1921427,monetary_base,HKMA
2024-07-17,587785,13106,44987,44987,1274495,1193233,1193233,1920373,monetary_base,HKMA
2024-07-16,589245,13106,44984,44984,1274301,1195332,1195332,1921636,monetary_base,HKMA
2024-07-15,590665,13110,44984,45004,1274162,1195352,1195331,1922921,monetary_base,HKMA
2024-07-12,593845,13112,44984,44984,1273667,1195493,1195493,1925608,monetary_base,HKMA
2024-07-11,589645,13112,44984,44984,1273462,1194265,1194265,1921203,monetary_base,HKMA
2024-07-10,589065,13112,44984,44984,1273351,1197171,1197171,1920512,monetary_base,HKMA
2024-07-09,590665,13116,45203,45203,1272947,1196221,1196221,1921931,monetary_base,HKMA
2024-07-08,591245,13116,45203,45203,1272842,1196660,1196660,1922406,monetary_base,HKMA
2024-07-05,594865,13120,45203,45203,1272397,1196350,1196350,1925585,monetary_base,HKMA
2024-07-04,590445,13122,45203,45203,1272245,1197214,1197214,1921015,monetary_base,HKMA
2024-07-03,590715,13126,45203,46202,1272035,1197046,1196046,1921079,monetary_base,HKMA
2024-07-02,592325,13126,44960,44960,1272155,1197001,1197001,1922566,monetary_base,HKMA
2024-06-28,597355,13121,44960,44960,1271491,1197392,1197392,1926927,monetary_base,HKMA
2024-06-27,590795,13121,44960,44960,1271299,1193456,1193456,1920175,monetary_base,HKMA
2024-06-26,588705,13123,44960,44960,1271173,1194718,1194718,1917961,monetary_base,HKMA
2024-06-25,588425,13127,44782,44782,1271176,1190423,1190423,1917510,monetary_base,HKMA
2024-06-24,589435,13127,44782,44787,1271112,1189818,1189813,1918456,monetary_base,HKMA
2024-06-21,591815,13130,44782,44782,1270700,1189557,1189557,1920427,monetary_base,HKMA
2024-06-20,588015,13130,44782,44782,1270558,1190687,1190687,1916485,monetary_base,HKMA
2024-06-19,587055,13129,44782,46737,1270475,1192156,1190198,1915441,monetary_base,HKMA
2024-06-18,587915,13131,44817,44817,1270248,1194380,1194380,1916111,monetary_base,HKMA
2024-06-17,589155,13131,44817,44817,1270239,1193094,1193094,1917342,monetary_base,HKMA
2024-06-14,590765,13131,44817,44817,1269798,1193246,1193246,1918511,monetary_base,HKMA
2024-06-13,588215,13131,44817,44817,1269545,1193095,1193095,1915708,monetary_base,HKMA
2024-06-12,588865,13134,44817,44817,1269354,1193113,1193113,1916170,monetary_base,HKMA
2024-06-11,590685,13134,44928,44928,1269087,1191644,1191644,1917834,monetary_base,HKMA
2024-06-07,595015,13134,44915,45113,1268580,1191793,1191595,1921644,monetary_base,HKMA
2024-06-06,590295,13134,44915,44915,1268400,1189803,1189803,1916744,monetary_base,HKMA
2024-06-05,589055,13136,44915,44915,1268235,1190196,1190196,1915341,monetary_base,HKMA
2024-06-04,589425,13136,44882,44882,1268212,1186320,1186320,1915655,monetary_base,HKMA
2024-06-03,590925,13140,44882,44882,1268022,1185665,1185665,1916969,monetary_base,HKMA
2024-05-31,593355,13140,44867,44867,1267496,1185184,1185184,1918858,monetary_base,HKMA
2024-05-30,588815,13141,44867,45039,1267460,1185037,1184866,1914283,monetary_base,HKMA
2024-05-29,587055,13141,44867,44907,1267109,1186295,1186255,1912172,monetary_base,HKMA
2024-05-28,588285,13141,44966,45746,1266859,1186280,1185500,1913251,monetary_base,HKMA
2024-05-27,589405,13141,44964,45564,1266763,1186742,1186140,1914273,monetary_base,HKMA
2024-05-24,591265,13145,44951,44951,1266296,1186888,1186888,1915657,monetary_base,HKMA
2024-05-23,588165,13147,44926,44931,1266204,1187578,1187572,1912442,monetary_base,HKMA
2024-05-22,588145,13151,44881,44881,1266103,1185442,1185442,1912280,monetary_base,HKMA
2024-05-21,589515,13157,44887,45585,1265889,1183706,1183006,1913448,monetary_base,HKMA
2024-05-20,591045,13157,44887,44887,1265929,1184461,1184461,1915018,monetary_base,HKMA
2024-05-17,592855,13160,44882,45325,1265606,1184066,1183621,1916503,monetary_base,HKMA
2024-05-16,591405,13160,44882,44882,1265494,1184724,1184724,1914941,monetary_base,HKMA
2024-05-14,592955,13162,44938,44938,1265156,1184160,1184160,1916211,monetary_base,HKMA
2024-05-13,592175,13162,44938,45919,1265190,1185171,1184189,1915465,monetary_base,HKMA
2024-05-10,593845,13162,44938,44938,1264719,1190623,1190623,1916664,monetary_base,HKMA
2024-05-09,590785,13162,44938,44938,1264579,1190923,1190923,1913464,monetary_base,HKMA
2024-05-08,590605,13164,44938,44938,1264448,1191680,1191680,1913155,monetary_base,HKMA
2024-05-07,592985,13170,44774,45774,1264584,1186131,1185131,1915513,monetary_base,HKMA
2024-05-06,594115,13170,44774,44774,1264329,1184881,1184881,1916388,monetary_base,HKMA
2024-05-03,596715,13178,44774,44774,1263686,1184469,1184469,1918353,monetary_base,HKMA
2024-05-02,593755,13178,44774,44774,1263655,1184206,1184206,1915362,monetary_base,HKMA
2024-04-30,594615,13177,44705,44705,1263433,1174213,1174213,1915930,monetary_base,HKMA
2024-04-29,592445,13177,44705,44705,1263269,1174956,1174956,1913596,monetary_base,HKMA
2024-04-26,593535,13178,44705,44705,1263005,1179403,1179403,1914423,monetary_base,HKMA
2024-04-25,589445,13178,44705,44705,1262912,1184135,1184135,1910240,monetary_base,HKMA
2024-04-24,589195,13186,44705,44705,1262871,1184674,1184674,1909957,monetary_base,HKMA
2024-04-23,590185,13188,44923,45448,1262525,1182045,1181519,1910821,monetary_base,HKMA
2024-04-22,590905,13189,44923,45423,1262215,1181838,1181338,1911232,monetary_base,HKMA
2024-04-19,592715,13189,44923,44923,1261809,1183048,1183048,1912636,monetary_base,HKMA
2024-04-18,589025,13191,44923,44923,1261590,1183695,1183695,1908729,monetary_base,HKMA
2024-04-17,588235,13199,44923,44923,1261235,1182935,1182935,1907592,monetary_base,HKMA
2024-04-16,590435,13198,45096,45096,1260766,1166282,1166282,1909495,monetary_base,HKMA
2024-04-15,591085,13198,45096,45126,1260877,1166841,1166810,1910256,monetary_base,HKMA
2024-04-12,593695,13207,45096,45096,1260387,1166434,1166434,1912385,monetary_base,HKMA
2024-04-11,589885,13207,45096,45096,1260184,1166091,1166091,1908372,monetary_base,HKMA
2024-04-10,589615,13207,45096,45096,1260056,1167282,1167282,1907974,monetary_base,HKMA
2024-04-09,591325,13218,44964,44964,1259930,1161891,1161891,1909437,monetary_base,HKMA
2024-04-08,593095,13218,44964,44964,1259756,1162013,1162013,1911033,monetary_base,HKMA
2024-04-05,596675,13218,44964,44964,1259305,1161848,1161848,1914162,monetary_base,HKMA
2024-04-03,596705,13222,44964,44964,1258999,1161858,1161858,1913890,monetary_base,HKMA
2024-04-02,597685,13226,44830,45109,1259086,1157396,1157116,1914827,monetary_base,HKMA
2024-03-28,601135,13238,44830,45617,1258331,1156837,1156048,1917534,monetary_base,HKMA
2024-03-27,596215,13238,44830,44830,1258163,1156979,1156979,1912446,monetary_base,HKMA
2024-03-26,592915,13246,44736,45636,1257880,1152528,1151626,1908777,monetary_base,HKMA
2024-03-25,592105,13244,44736,44736,1257720,1153330,1153330,1907805,monetary_base,HKMA
2024-03-22,593565,13247,44736,44736,1257343,1152017,1152017,1908891,monetary_base,HKMA
2024-03-21,590865,13250,44736,44756,1257289,1149896,1149875,1906140,monetary_base,HKMA
2024-03-20,591085,13270,44736,44736,1257141,1149140,1149140,1906232,monetary_base,HKMA
2024-03-19,592395,13270,44881,46864,1256915,1148913,1146927,1907461,monetary_base,HKMA
2024-03-18,593565,13268,44881,45019,1256966,1149004,1148867,1908680,monetary_base,HKMA
2024-03-15,596245,13268,44881,44881,1256622,1147889,1147889,1911016,monetary_base,HKMA
2024-03-14,593225,13268,44881,44881,1256553,1148575,1148575,1907927,monetary_base,HKMA
2024-03-13,593155,13293,44881,44881,1256427,1148291,1148291,1907756,monetary_base,HKMA
2024-03-12,594635,13293,44781,44781,1256467,1147143,1147143,1909176,monetary_base,HKMA
2024-03-11,595715,13293,44781,44781,1256369,1147655,1147655,1910158,monetary_base,HKMA
2024-03-08,598455,13293,44781,44781,1255957,1146860,1146860,1912486,monetary_base,HKMA
2024-03-07,594995,13293,44774,44774,1255774,1147529,1147529,1908836,monetary_base,HKMA
2024-03-06,594715,13311,44774,44774,1255774,1147479,1147479,1908574,monetary_base,HKMA
2024-03-05,596255,13311,44791,44791,1255621,1145729,1145729,1909978,monetary_base,HKMA
2024-03-04,597615,13311,44791,45105,1255525,1145670,1145356,1911242,monetary_base,HKMA
2024-03-01,600175,13335,44785,44785,1255066,1145281,1145281,1913361,monetary_base,HKMA
2024-02-29,596575,13333,44785,44785,1254883,1145968,1145968,1909576,monetary_base,HKMA
2024-02-28,596115,13333,44785,44785,1254747,1149103,1149103,1908980,monetary_base,HKMA
2024-02-27,597155,13333,44929,44929,1254465,1146828,1146828,1909882,monetary_base,HKMA
2024-02-26,597755,13332,44909,44909,1254351,1146708,1146708,1910347,monetary_base,HKMA
2024-02-23,600795,13360,44861,44861,1253867,1146431,1146431,1912883,monetary_base,HKMA
2024-02-22,598595,13360,44837,44857,1253655,1150016,1149995,1910447,monetary_base,HKMA
2024-02-21,599585,13359,44776,44776,1253623,1151758,1151758,1911343,monetary_base,HKMA
2024-02-20,602025,13359,44928,44928,1231160,1144963,1144963,1891472,monetary_base,HKMA
2024-02-19,604805,13373,44893,44893,1253318,1144040,1144040,1916389,monetary_base,HKMA
2024-02-16,608305,13373,44893,44893,1252912,1143618,1143618,1919483,monetary_base,HKMA
2024-02-15,608445,13389,44893,44893,1252815,1144575,1144575,1919542,monetary_base,HKMA
2024-02-14,610635,13389,44893,44893,1252590,1144552,1144552,1921507,monetary_base,HKMA
2024-02-09,615525,13400,44706,44706,1252178,1142003,1142003,1925809,monetary_base,HKMA
2024-02-08,613295,13400,44706,44706,1252000,1142160,1142160,1923401,monetary_base,HKMA
2024-02-07,611025,13407,44706,44706,1251927,1144061,1144061,1921065,monetary_base,HKMA
2024-02-06,609985,13407,44750,44750,1251825,1142288,1142288,1919967,monetary_base,HKMA
2024-02-05,608785,13414,44750,44770,1251726,1158438,1158418,1918675,monetary_base,HKMA
2024-02-02,610825,13414,44750,44750,1251263,1142359,1142359,1920252,monetary_base,HKMA
2024-02-01,604835,13416,44750,44750,1251119,1142425,1142425,1914120,monetary_base,HKMA
2024-01-31,601295,13416,44750,44750,1251017,1141650,1141650,1910478,monetary_base,HKMA
2024-01-30,600265,13422,44720,44720,1250677,1144758,1144758,1909084,monetary_base,HKMA
2024-01-29,600655,13422,44720,46834,1250631,1144560,1142446,1909428,monetary_base,HKMA
2024-01-26,601845,13422,44720,44720,1250376,1144624,1144624,1910363,monetary_base,HKMA
2024-01-25,595835,13412,44720,44720,1250286,1144530,1144530,1904253,monetary_base,HKMA
2024-01-24,592845,13409,44720,44720,1250200,1143380,1143380,1901174,monetary_base,HKMA
2024-01-23,592725,13406,45117,45117,1249380,1137569,1137569,1900628,monetary_base,HKMA
2024-01-22,592495,13400,45117,45117,1248870,1141653,1141653,1899882,monetary_base,HKMA
2024-01-19,593895,13396,45117,45117,1248403,1139482,1139482,1900811,monetary_base,HKMA
2024-01-18,589785,13388,45117,45117,1248118,1184230,1184230,1896408,monetary_base,HKMA
2024-01-17,587665,13386,45117,45117,1248094,1182007,1182007,1894262,monetary_base,HKMA
2024-01-16,587645,13386,44948,44948,1248013,1178132,1178132,1893992,monetary_base,HKMA
2024-01-15,588925,13386,44948,44978,1247758,1178166,1178135,1895017,monetary_base,HKMA
2024-01-12,590675,13385,44948,44948,1247288,1178444,1178444,1896296,monetary_base,HKMA
2024-01-11,586075,13382,44948,44948,1247194,1181629,1181629,1891599,monetary_base,HKMA
2024-01-10,585815,13372,44948,44948,1247172,1187596,1187596,1891307,monetary_base,HKMA
2024-01-09,586365,13364,44952,45952,1246806,1180368,1179365,1891487,monetary_base,HKMA
2024-01-08,587935,13320,44952,45072,1246391,1179713,1179593,1892598,monetary_base,HKMA
2024-01-05,590795,13310,44952,44952,1246133,1179096,1179096,1895190,monetary_base,HKMA
2024-01-04,586645,13273,44952,44952,1246020,1183108,1183108,1890890,monetary_base,HKMA
2024-01-03,588135,13191,44952,46647,1245878,1184296,1182599,1892156,monetary_base,HKMA
2024-01-02,589125,13188,44950,44950,1245869,1177752,1177752,1893132,monetary_base,HKMA
2023-12-29,592585,13180,44950,44950,1245147,1177288,1177288,1895862,monetary_base,HKMA
2023-12-28,590725,13180,44950,44950,1244738,1178650,1178650,1893593,monetary_base,HKMA
2023-12-27,589975,13180,44950,47950,1244592,1181223,1178217,1892697,monetary_base,HKMA
2023-12-22,593585,13176,44886,44886,1243790,1179175,1179175,1895437,monetary_base,HKMA
2023-12-21,588875,13176,44886,45591,1243641,1178368,1177662,1890578,monetary_base,HKMA
2023-12-20,585755,13176,44886,44886,1243544,1178838,1178838,1887361,monetary_base,HKMA
2023-12-19,584265,13173,44859,44859,1243197,1177907,1177907,1885494,monetary_base,HKMA
2023-12-18,584495,13167,44859,44859,1243001,1177957,1177957,1885522,monetary_base,HKMA
2023-12-15,586695,13157,44859,45158,1242898,1177783,1177483,1887609,monetary_base,HKMA
2023-12-14,582015,13153,44859,44859,1242831,1178347,1178347,1882858,monetary_base,HKMA
2023-12-13,581815,13146,44859,44859,1242379,1177029,1177029,1882199,monetary_base,HKMA
2023-12-12,582925,13133,44868,44868,1242121,1179174,1179174,1883047,monetary_base,HKMA
2023-12-11,584625,13132,44868,44868,1241752,1178324,1178324,1884377,monetary_base,HKMA
2023-12-08,586705,13123,44868,44868,1241289,1177708,1177708,1885985,monetary_base,HKMA
2023-12-07,581975,13123,44855,44896,1241024,1177683,1177642,1880977,monetary_base,HKMA
2023-12-06,581605,13116,44855,48325,1240994,1177148,1174127,1880570,monetary_base,HKMA
2023-12-05,581475,13109,45025,45025,1240775,1173023,1173023,1880384,monetary_base,HKMA
2023-12-04,583205,13109,45025,45025,1240276,1172773,1172773,1881615,monetary_base,HKMA
2023-12-01,585285,13109,44999,44999,1239702,1171445,1171445,1883095,monetary_base,HKMA
2023-11-30,580975,13109,44999,47999,1239319,1172688,1169626,1878402,monetary_base,HKMA
2023-11-29,579855,13106,44999,44999,1238870,1174048,1174048,1876830,monetary_base,HKMA
2023-11-28,580095,13099,45295,45295,1238151,1172259,1172259,1876640,monetary_base,HKMA
2023-11-27,581405,13097,45293,45293,1237925,1171994,1171994,1877720,monetary_base,HKMA
2023-11-24,583005,13096,45281,45281,1237598,1172693,1172693,1878980,monetary_base,HKMA
2023-11-23,578985,13094,45255,45255,1237448,1173207,1173207,1874782,monetary_base,HKMA
2023-11-22,578625,13094,45213,46118,1237321,1173312,1172403,1874253,monetary_base,HKMA
2023-11-21,579585,13094,45073,45073,1237298,1170625,1170625,1875050,monetary_base,HKMA
2023-11-20,580635,13089,45073,45073,1237222,1172591,1172591,1876019,monetary_base,HKMA
2023-11-17,582775,13080,45063,45063,1236859,1171081,1171081,1877777,monetary_base,HKMA
2023-11-16,578825,13082,45063,45063,1236870,1174396,1174396,1873840,monetary_base,HKMA
2023-11-15,579305,13082,45063,45063,1236685,1175677,1175677,1874135,monetary_base,HKMA
2023-11-14,580245,13082,44942,44942,1236524,1176571,1176571,1874793,monetary_base,HKMA
2023-11-13,581955,13082,44942,44942,1236425,1177144,1177144,1876404,monetary_base,HKMA
